2025-12-03 16:00:42,559 [INFO] \u2705 Flask app initialized
2025-12-03 16:00:42,559 [INFO] \u2705 JWTManager configured
2025-12-03 16:02:20,917 [INFO] \u2705 Flask app initialized
2025-12-03 16:02:20,917 [INFO] \u2705 JWTManager configured
2025-12-03 16:02:20,932 [INFO] \u2705 Database tables ensured (Base.metadata.create_all)
2025-12-03 16:05:27,047 [INFO] \u2705 Flask app initialized
2025-12-03 16:05:27,047 [INFO] \u2705 JWTManager configured
2025-12-03 16:05:27,047 [INFO] \u2705 Database tables ensured (Base.metadata.create_all)
2025-12-03 16:08:41,817 [INFO] \u2705 Flask app initialized
2025-12-03 16:08:41,817 [INFO] \u2705 JWTManager configured
2025-12-03 16:08:41,817 [INFO] \u2705 Database tables ensured (Base.metadata.create_all)
2025-12-03 16:09:52,871 [WARNING] Could not register routes.auth: cannot import name 'auth_bp' from 'routes.auth' (D:\Belajar VSCODe\arcface-absensi-backend\routes\auth.py)
2025-12-03 16:09:52,873 [WARNING] Could not register routes.attendance: cannot import name 'attendance_bp' from 'routes.attendance' (D:\Belajar VSCODe\arcface-absensi-backend\routes\attendance.py)
2025-12-03 16:09:52,875 [WARNING] Could not register routes.branches: cannot import name 'branches_bp' from 'routes.branches' (D:\Belajar VSCODe\arcface-absensi-backend\routes\branches.py)
2025-12-03 16:09:52,877 [WARNING] Could not register routes.schedule: cannot import name 'schedule_bp' from 'routes.schedule' (D:\Belajar VSCODe\arcface-absensi-backend\routes\schedule.py)
2025-12-03 16:09:52,879 [WARNING] Could not register routes.admin: cannot import name 'admin_bp' from 'routes.admin' (D:\Belajar VSCODe\arcface-absensi-backend\routes\admin.py)
2025-12-03 16:09:52,881 [WARNING] Could not register routes.face: cannot import name 'face_bp' from 'routes.face' (D:\Belajar VSCODe\arcface-absensi-backend\routes\face.py)
2025-12-03 16:11:49,315 [WARNING] Could not register routes.auth: cannot import name 'auth_bp' from 'routes.auth' (D:\Belajar VSCODe\arcface-absensi-backend\routes\auth.py)
2025-12-03 16:11:49,318 [WARNING] Could not register routes.attendance: cannot import name 'attendance_bp' from 'routes.attendance' (D:\Belajar VSCODe\arcface-absensi-backend\routes\attendance.py)
2025-12-03 16:11:49,332 [WARNING] Could not register routes.branches: cannot import name 'branches_bp' from 'routes.branches' (D:\Belajar VSCODe\arcface-absensi-backend\routes\branches.py)
2025-12-03 16:11:49,341 [WARNING] Could not register routes.schedule: cannot import name 'schedule_bp' from 'routes.schedule' (D:\Belajar VSCODe\arcface-absensi-backend\routes\schedule.py)
2025-12-03 16:11:49,346 [WARNING] Could not register routes.admin: cannot import name 'admin_bp' from 'routes.admin' (D:\Belajar VSCODe\arcface-absensi-backend\routes\admin.py)
2025-12-03 16:11:49,357 [WARNING] Could not register routes.face: cannot import name 'face_bp' from 'routes.face' (D:\Belajar VSCODe\arcface-absensi-backend\routes\face.py)
2025-12-03 16:11:49,384 [INFO] [31m[1mWARNING: This is a development server. Do not use it in a production deployment. Use a production WSGI server instead.[0m
 * Running on all addresses (0.0.0.0)
 * Running on http://127.0.0.1:5000
 * Running on http://192.168.1.3:5000
2025-12-03 16:11:49,384 [INFO] [33mPress CTRL+C to quit[0m
2025-12-03 16:11:49,386 [INFO]  * Restarting with stat
2025-12-03 16:11:49,886 [WARNING] Could not register routes.auth: cannot import name 'auth_bp' from 'routes.auth' (D:\Belajar VSCODe\arcface-absensi-backend\routes\auth.py)
2025-12-03 16:11:49,886 [WARNING] Could not register routes.attendance: cannot import name 'attendance_bp' from 'routes.attendance' (D:\Belajar VSCODe\arcface-absensi-backend\routes\attendance.py)
2025-12-03 16:11:49,886 [WARNING] Could not register routes.branches: cannot import name 'branches_bp' from 'routes.branches' (D:\Belajar VSCODe\arcface-absensi-backend\routes\branches.py)
2025-12-03 16:11:49,887 [WARNING] Could not register routes.schedule: cannot import name 'schedule_bp' from 'routes.schedule' (D:\Belajar VSCODe\arcface-absensi-backend\routes\schedule.py)
2025-12-03 16:11:49,887 [WARNING] Could not register routes.admin: cannot import name 'admin_bp' from 'routes.admin' (D:\Belajar VSCODe\arcface-absensi-backend\routes\admin.py)
2025-12-03 16:11:49,888 [WARNING] Could not register routes.face: cannot import name 'face_bp' from 'routes.face' (D:\Belajar VSCODe\arcface-absensi-backend\routes\face.py)
2025-12-03 16:11:49,903 [WARNING]  * Debugger is active!
2025-12-03 16:11:49,903 [INFO]  * Debugger PIN: 384-548-591
[2025-12-03 17:10:41,626] INFO in app: Registered blueprint: auth_bp -> /auth
[2025-12-03 17:10:41,626] INFO in app: Registered blueprint: attendance_bp -> /attendance
[2025-12-03 17:10:41,626] INFO in app: Registered blueprint: branches_bp -> /branches
[2025-12-03 17:10:41,626] INFO in app: Registered blueprint: schedule_bp -> /schedule
[2025-12-03 17:10:41,626] INFO in app: Registered blueprint: admin_bp -> /admin
[2025-12-03 17:10:41,626] INFO in app: Registered blueprint: face_bp -> /face
[2025-12-03 17:10:44,092] INFO in app: Registered blueprint: auth_bp -> /auth
[2025-12-03 17:10:44,093] INFO in app: Registered blueprint: attendance_bp -> /attendance
[2025-12-03 17:10:44,095] INFO in app: Registered blueprint: branches_bp -> /branches
[2025-12-03 17:10:44,096] INFO in app: Registered blueprint: schedule_bp -> /schedule
[2025-12-03 17:10:44,099] INFO in app: Registered blueprint: admin_bp -> /admin
[2025-12-03 17:10:44,100] INFO in app: Registered blueprint: face_bp -> /face
[2025-12-04 13:17:26,086] INFO in app: Registered blueprint: auth_bp -> /auth
[2025-12-04 13:17:26,087] INFO in app: Registered blueprint: attendance_bp -> /attendance
[2025-12-04 13:17:26,088] INFO in app: Registered blueprint: branches_bp -> /branches
[2025-12-04 13:17:26,090] INFO in app: Registered blueprint: schedule_bp -> /schedule
[2025-12-04 13:17:26,091] INFO in app: Registered blueprint: admin_bp -> /admin
[2025-12-04 13:17:26,092] INFO in app: Registered blueprint: face_bp -> /face
[2025-12-04 13:17:28,668] INFO in app: Registered blueprint: auth_bp -> /auth
[2025-12-04 13:17:28,669] INFO in app: Registered blueprint: attendance_bp -> /attendance
[2025-12-04 13:17:28,671] INFO in app: Registered blueprint: branches_bp -> /branches
[2025-12-04 13:17:28,673] INFO in app: Registered blueprint: schedule_bp -> /schedule
[2025-12-04 13:17:28,675] INFO in app: Registered blueprint: admin_bp -> /admin
[2025-12-04 13:17:28,676] INFO in app: Registered blueprint: face_bp -> /face
[2025-12-04 13:21:08,637] INFO in app: OK Logging initialized.
[2025-12-04 13:21:08,674] INFO in app: OK Database tables ensured (Base.metadata.create_all).
[2025-12-04 13:21:08,674] INFO in app: Registered blueprint: auth_bp -> /auth
[2025-12-04 13:21:08,688] INFO in app: Registered blueprint: attendance_bp -> /attendance
[2025-12-04 13:21:08,691] INFO in app: Registered blueprint: branches_bp -> /branches
[2025-12-04 13:21:08,692] INFO in app: Registered blueprint: schedule_bp -> /schedule
[2025-12-04 13:21:08,695] INFO in app: Registered blueprint: admin_bp -> /admin
[2025-12-04 13:21:08,696] INFO in app: Registered blueprint: face_bp -> /face
[2025-12-04 13:21:11,089] INFO in app: OK Logging initialized.
[2025-12-04 13:21:11,132] INFO in app: OK Database tables ensured (Base.metadata.create_all).
[2025-12-04 13:21:11,134] INFO in app: Registered blueprint: auth_bp -> /auth
[2025-12-04 13:21:11,135] INFO in app: Registered blueprint: attendance_bp -> /attendance
[2025-12-04 13:21:11,136] INFO in app: Registered blueprint: branches_bp -> /branches
[2025-12-04 13:21:11,138] INFO in app: Registered blueprint: schedule_bp -> /schedule
[2025-12-04 13:21:11,140] INFO in app: Registered blueprint: admin_bp -> /admin
[2025-12-04 13:21:11,141] INFO in app: Registered blueprint: face_bp -> /face
[2025-12-04 13:32:24,705] INFO in app: OK Logging initialized.
[2025-12-04 13:32:24,758] INFO in app: OK Database tables ensured (Base.metadata.create_all).
[2025-12-04 13:32:24,759] INFO in app: Registered blueprint: auth_bp -> /auth
[2025-12-04 13:32:24,760] INFO in app: Registered blueprint: attendance_bp -> /attendance
[2025-12-04 13:32:24,761] INFO in app: Registered blueprint: branches_bp -> /branches
[2025-12-04 13:32:24,761] INFO in app: Registered blueprint: schedule_bp -> /schedule
[2025-12-04 13:32:24,761] INFO in app: Registered blueprint: admin_bp -> /admin
[2025-12-04 13:32:24,761] INFO in app: Registered blueprint: face_bp -> /face
[2025-12-04 13:32:27,251] INFO in app: OK Logging initialized.
[2025-12-04 13:32:27,318] INFO in app: OK Database tables ensured (Base.metadata.create_all).
[2025-12-04 13:32:27,318] INFO in app: Registered blueprint: auth_bp -> /auth
[2025-12-04 13:32:27,318] INFO in app: Registered blueprint: attendance_bp -> /attendance
[2025-12-04 13:32:27,318] INFO in app: Registered blueprint: branches_bp -> /branches
[2025-12-04 13:32:27,334] INFO in app: Registered blueprint: schedule_bp -> /schedule
[2025-12-04 13:32:27,336] INFO in app: Registered blueprint: admin_bp -> /admin
[2025-12-04 13:32:27,337] INFO in app: Registered blueprint: face_bp -> /face
[2025-12-04 13:33:02,587] ERROR in auth: Upload embedding error: 'embedding' is an invalid keyword argument for FaceEmbedding
[2025-12-04 13:35:14,810] INFO in app: OK Logging initialized.
[2025-12-04 13:35:14,845] INFO in app: OK Database tables ensured (Base.metadata.create_all).
[2025-12-04 13:35:14,846] INFO in app: Registered blueprint: auth_bp -> /auth
[2025-12-04 13:35:14,846] INFO in app: Registered blueprint: attendance_bp -> /attendance
[2025-12-04 13:35:14,846] INFO in app: Registered blueprint: branches_bp -> /branches
[2025-12-04 13:35:14,846] INFO in app: Registered blueprint: schedule_bp -> /schedule
[2025-12-04 13:35:14,852] INFO in app: Registered blueprint: admin_bp -> /admin
[2025-12-04 13:35:14,853] INFO in app: Registered blueprint: face_bp -> /face
[2025-12-04 13:35:32,531] ERROR in auth: Upload embedding error: 'embedding' is an invalid keyword argument for FaceEmbedding
[2025-12-04 13:36:00,624] ERROR in auth: Upload embedding error: 'embedding' is an invalid keyword argument for FaceEmbedding
[2025-12-04 13:36:43,584] INFO in app: OK Logging initialized.
[2025-12-04 13:36:43,628] INFO in app: OK Database tables ensured (Base.metadata.create_all).
[2025-12-04 13:36:43,628] INFO in app: Registered blueprint: auth_bp -> /auth
[2025-12-04 13:36:43,628] INFO in app: Registered blueprint: attendance_bp -> /attendance
[2025-12-04 13:36:43,628] INFO in app: Registered blueprint: branches_bp -> /branches
[2025-12-04 13:36:43,628] INFO in app: Registered blueprint: schedule_bp -> /schedule
[2025-12-04 13:36:43,640] INFO in app: Registered blueprint: admin_bp -> /admin
[2025-12-04 13:36:43,641] INFO in app: Registered blueprint: face_bp -> /face
[2025-12-04 13:36:56,561] ERROR in auth: Upload embedding error: 'embedding_' is an invalid keyword argument for FaceEmbedding
[2025-12-04 13:37:42,660] ERROR in auth: Upload embedding error: 'embedding_' is an invalid keyword argument for FaceEmbedding
[2025-12-04 13:39:56,892] INFO in app: OK Logging initialized.
[2025-12-04 13:39:56,919] INFO in app: OK Database tables ensured (Base.metadata.create_all).
[2025-12-04 13:39:56,919] INFO in app: Registered blueprint: auth_bp -> /auth
[2025-12-04 13:39:56,919] INFO in app: Registered blueprint: attendance_bp -> /attendance
[2025-12-04 13:39:56,919] INFO in app: Registered blueprint: branches_bp -> /branches
[2025-12-04 13:39:56,919] INFO in app: Registered blueprint: schedule_bp -> /schedule
[2025-12-04 13:39:56,919] INFO in app: Registered blueprint: admin_bp -> /admin
[2025-12-04 13:39:56,930] INFO in app: Registered blueprint: face_bp -> /face
[2025-12-04 13:39:59,582] INFO in app: OK Logging initialized.
[2025-12-04 13:39:59,613] INFO in app: OK Database tables ensured (Base.metadata.create_all).
[2025-12-04 13:39:59,628] INFO in app: Registered blueprint: auth_bp -> /auth
[2025-12-04 13:39:59,630] INFO in app: Registered blueprint: attendance_bp -> /attendance
[2025-12-04 13:39:59,632] INFO in app: Registered blueprint: branches_bp -> /branches
[2025-12-04 13:39:59,633] INFO in app: Registered blueprint: schedule_bp -> /schedule
[2025-12-04 13:39:59,634] INFO in app: Registered blueprint: admin_bp -> /admin
[2025-12-04 13:39:59,635] INFO in app: Registered blueprint: face_bp -> /face
[2025-12-04 13:43:36,396] INFO in app: OK Logging initialized.
[2025-12-04 13:43:36,436] INFO in app: OK Database tables ensured (Base.metadata.create_all).
[2025-12-04 13:43:36,437] INFO in app: Registered blueprint: auth_bp -> /auth
[2025-12-04 13:43:36,438] INFO in app: Registered blueprint: attendance_bp -> /attendance
[2025-12-04 13:43:36,441] INFO in app: Registered blueprint: branches_bp -> /branches
[2025-12-04 13:43:36,441] INFO in app: Registered blueprint: schedule_bp -> /schedule
[2025-12-04 13:43:36,441] INFO in app: Registered blueprint: admin_bp -> /admin
[2025-12-04 13:43:36,444] INFO in app: Registered blueprint: face_bp -> /face
[2025-12-04 13:43:38,944] INFO in app: OK Logging initialized.
[2025-12-04 13:43:38,985] INFO in app: OK Database tables ensured (Base.metadata.create_all).
[2025-12-04 13:43:38,985] INFO in app: Registered blueprint: auth_bp -> /auth
[2025-12-04 13:43:38,985] INFO in app: Registered blueprint: attendance_bp -> /attendance
[2025-12-04 13:43:38,999] INFO in app: Registered blueprint: branches_bp -> /branches
[2025-12-04 13:43:39,001] INFO in app: Registered blueprint: schedule_bp -> /schedule
[2025-12-04 13:43:39,002] INFO in app: Registered blueprint: admin_bp -> /admin
[2025-12-04 13:43:39,003] INFO in app: Registered blueprint: face_bp -> /face
[2025-12-04 13:47:42,415] INFO in app: OK Logging initialized.
[2025-12-04 13:47:42,455] INFO in app: OK Database tables ensured (Base.metadata.create_all).
[2025-12-04 13:47:42,455] INFO in app: Registered blueprint: auth_bp -> /auth
[2025-12-04 13:47:42,455] INFO in app: Registered blueprint: attendance_bp -> /attendance
[2025-12-04 13:47:42,455] INFO in app: Registered blueprint: branches_bp -> /branches
[2025-12-04 13:47:42,464] INFO in app: Registered blueprint: schedule_bp -> /schedule
[2025-12-04 13:47:42,466] INFO in app: Registered blueprint: admin_bp -> /admin
[2025-12-04 13:47:42,467] INFO in app: Registered blueprint: face_bp -> /face
[2025-12-04 13:48:02,589] INFO in app: OK Logging initialized.
[2025-12-04 13:48:02,621] INFO in app: OK Database tables ensured (Base.metadata.create_all).
[2025-12-04 13:48:02,621] INFO in app: Registered blueprint: auth_bp -> /auth
[2025-12-04 13:48:02,621] INFO in app: Registered blueprint: attendance_bp -> /attendance
[2025-12-04 13:48:02,621] INFO in app: Registered blueprint: branches_bp -> /branches
[2025-12-04 13:48:02,621] INFO in app: Registered blueprint: schedule_bp -> /schedule
[2025-12-04 13:48:02,631] INFO in app: Registered blueprint: admin_bp -> /admin
[2025-12-04 13:48:02,632] INFO in app: Registered blueprint: face_bp -> /face
[2025-12-04 13:48:35,929] INFO in app: OK Logging initialized.
[2025-12-04 13:48:35,961] INFO in app: OK Database tables ensured (Base.metadata.create_all).
[2025-12-04 13:48:35,961] INFO in app: Registered blueprint: auth_bp -> /auth
[2025-12-04 13:48:35,961] INFO in app: Registered blueprint: attendance_bp -> /attendance
[2025-12-04 13:48:35,970] INFO in app: Registered blueprint: branches_bp -> /branches
[2025-12-04 13:48:35,973] INFO in app: Registered blueprint: schedule_bp -> /schedule
[2025-12-04 13:48:35,975] INFO in app: Registered blueprint: admin_bp -> /admin
[2025-12-04 13:48:35,976] INFO in app: Registered blueprint: face_bp -> /face
[2025-12-04 13:48:41,654] INFO in app: OK Logging initialized.
[2025-12-04 13:48:41,699] INFO in app: OK Database tables ensured (Base.metadata.create_all).
[2025-12-04 13:48:41,701] INFO in app: Registered blueprint: auth_bp -> /auth
[2025-12-04 13:48:41,702] INFO in app: Registered blueprint: attendance_bp -> /attendance
[2025-12-04 13:48:41,704] INFO in app: Registered blueprint: branches_bp -> /branches
[2025-12-04 13:48:41,705] INFO in app: Registered blueprint: schedule_bp -> /schedule
[2025-12-04 13:48:41,706] INFO in app: Registered blueprint: admin_bp -> /admin
[2025-12-04 13:48:41,708] INFO in app: Registered blueprint: face_bp -> /face
[2025-12-04 13:56:36,680] INFO in app: OK Logging initialized.
[2025-12-04 13:56:36,726] INFO in app: OK Database tables ensured (Base.metadata.create_all).
[2025-12-04 13:56:36,727] INFO in app: Registered blueprint: auth_bp -> /auth
[2025-12-04 13:56:36,729] INFO in app: Registered blueprint: attendance_bp -> /attendance
[2025-12-04 13:56:36,731] INFO in app: Registered blueprint: branches_bp -> /branches
[2025-12-04 13:56:36,732] INFO in app: Registered blueprint: schedule_bp -> /schedule
[2025-12-04 13:56:36,733] INFO in app: Registered blueprint: admin_bp -> /admin
[2025-12-04 13:56:36,734] INFO in app: Registered blueprint: face_bp -> /face
[2025-12-04 13:56:39,241] INFO in app: OK Logging initialized.
[2025-12-04 13:56:39,292] INFO in app: OK Database tables ensured (Base.metadata.create_all).
[2025-12-04 13:56:39,293] INFO in app: Registered blueprint: auth_bp -> /auth
[2025-12-04 13:56:39,294] INFO in app: Registered blueprint: attendance_bp -> /attendance
[2025-12-04 13:56:39,296] INFO in app: Registered blueprint: branches_bp -> /branches
[2025-12-04 13:56:39,297] INFO in app: Registered blueprint: schedule_bp -> /schedule
[2025-12-04 13:56:39,297] INFO in app: Registered blueprint: admin_bp -> /admin
[2025-12-04 13:56:39,300] INFO in app: Registered blueprint: face_bp -> /face
[2025-12-04 14:00:43,410] INFO in app: OK Logging initialized.
[2025-12-04 14:00:43,457] INFO in app: OK Database tables ensured (Base.metadata.create_all).
[2025-12-04 14:00:43,459] INFO in app: Registered blueprint: auth_bp -> /auth
[2025-12-04 14:00:43,461] INFO in app: Registered blueprint: attendance_bp -> /attendance
[2025-12-04 14:00:43,463] INFO in app: Registered blueprint: branches_bp -> /branches
[2025-12-04 14:00:43,466] INFO in app: Registered blueprint: schedule_bp -> /schedule
[2025-12-04 14:00:43,469] INFO in app: Registered blueprint: admin_bp -> /admin
[2025-12-04 14:00:43,471] INFO in app: Registered blueprint: face_bp -> /face
[2025-12-04 14:00:49,322] INFO in app: OK Logging initialized.
[2025-12-04 14:00:49,357] INFO in app: OK Database tables ensured (Base.metadata.create_all).
[2025-12-04 14:00:49,357] INFO in app: Registered blueprint: auth_bp -> /auth
[2025-12-04 14:00:49,357] INFO in app: Registered blueprint: attendance_bp -> /attendance
[2025-12-04 14:00:49,357] INFO in app: Registered blueprint: branches_bp -> /branches
[2025-12-04 14:00:49,357] INFO in app: Registered blueprint: schedule_bp -> /schedule
[2025-12-04 14:00:49,367] INFO in app: Registered blueprint: admin_bp -> /admin
[2025-12-04 14:00:49,368] INFO in app: Registered blueprint: face_bp -> /face
[2025-12-04 14:07:41,201] ERROR in attendance: Attendance error: 'FaceEmbedding' object has no attribute 'embedding'
[2025-12-04 14:09:07,529] INFO in app: OK Logging initialized.
[2025-12-04 14:09:07,572] INFO in app: OK Database tables ensured (Base.metadata.create_all).
[2025-12-04 14:09:07,574] INFO in app: Registered blueprint: auth_bp -> /auth
[2025-12-04 14:09:07,575] INFO in app: Registered blueprint: attendance_bp -> /attendance
[2025-12-04 14:09:07,577] INFO in app: Registered blueprint: branches_bp -> /branches
[2025-12-04 14:09:07,579] INFO in app: Registered blueprint: schedule_bp -> /schedule
[2025-12-04 14:09:07,580] INFO in app: Registered blueprint: admin_bp -> /admin
[2025-12-04 14:09:07,580] INFO in app: Registered blueprint: face_bp -> /face
[2025-12-04 14:09:36,048] INFO in app: OK Logging initialized.
[2025-12-04 14:09:36,091] INFO in app: OK Database tables ensured (Base.metadata.create_all).
[2025-12-04 14:09:36,091] INFO in app: Registered blueprint: auth_bp -> /auth
[2025-12-04 14:09:36,091] INFO in app: Registered blueprint: attendance_bp -> /attendance
[2025-12-04 14:09:36,103] INFO in app: Registered blueprint: branches_bp -> /branches
[2025-12-04 14:09:36,106] INFO in app: Registered blueprint: schedule_bp -> /schedule
[2025-12-04 14:09:36,109] INFO in app: Registered blueprint: admin_bp -> /admin
[2025-12-04 14:09:36,110] INFO in app: Registered blueprint: face_bp -> /face
[2025-12-04 14:10:02,464] INFO in app: OK Logging initialized.
[2025-12-04 14:10:02,515] INFO in app: OK Database tables ensured (Base.metadata.create_all).
[2025-12-04 14:10:02,515] INFO in app: Registered blueprint: auth_bp -> /auth
[2025-12-04 14:10:02,515] INFO in app: Registered blueprint: attendance_bp -> /attendance
[2025-12-04 14:10:02,515] INFO in app: Registered blueprint: branches_bp -> /branches
[2025-12-04 14:10:02,515] INFO in app: Registered blueprint: schedule_bp -> /schedule
[2025-12-04 14:10:02,525] INFO in app: Registered blueprint: admin_bp -> /admin
[2025-12-04 14:10:02,525] INFO in app: Registered blueprint: face_bp -> /face
[2025-12-04 14:10:25,046] ERROR in attendance: Attendance error: type object 'AttendanceLog' has no attribute 'check_in_time'
[2025-12-04 14:13:12,442] INFO in app: OK Logging initialized.
[2025-12-04 14:13:12,483] INFO in app: OK Database tables ensured (Base.metadata.create_all).
[2025-12-04 14:13:12,485] INFO in app: Registered blueprint: auth_bp -> /auth
[2025-12-04 14:13:12,486] INFO in app: Registered blueprint: attendance_bp -> /attendance
[2025-12-04 14:13:12,488] INFO in app: Registered blueprint: branches_bp -> /branches
[2025-12-04 14:13:12,490] INFO in app: Registered blueprint: schedule_bp -> /schedule
[2025-12-04 14:13:12,492] INFO in app: Registered blueprint: admin_bp -> /admin
[2025-12-04 14:13:12,493] INFO in app: Registered blueprint: face_bp -> /face
[2025-12-04 14:13:17,519] INFO in app: OK Logging initialized.
[2025-12-04 14:13:17,560] INFO in app: OK Database tables ensured (Base.metadata.create_all).
[2025-12-04 14:13:17,561] INFO in app: Registered blueprint: auth_bp -> /auth
[2025-12-04 14:13:17,561] INFO in app: Registered blueprint: attendance_bp -> /attendance
[2025-12-04 14:13:17,561] INFO in app: Registered blueprint: branches_bp -> /branches
[2025-12-04 14:13:17,561] INFO in app: Registered blueprint: schedule_bp -> /schedule
[2025-12-04 14:13:17,567] INFO in app: Registered blueprint: admin_bp -> /admin
[2025-12-04 14:13:17,568] INFO in app: Registered blueprint: face_bp -> /face
[2025-12-04 21:47:40,707] INFO in app: OK Logging initialized.
[2025-12-04 21:47:40,752] INFO in app: OK Database tables ensured (Base.metadata.create_all).
[2025-12-04 21:47:40,754] INFO in app: Registered blueprint: auth_bp -> /auth
[2025-12-04 21:47:40,754] INFO in app: Registered blueprint: attendance_bp -> /attendance
[2025-12-04 21:47:40,754] INFO in app: Registered blueprint: branches_bp -> /branches
[2025-12-04 21:47:40,754] INFO in app: Registered blueprint: schedule_bp -> /schedule
[2025-12-04 21:47:40,762] INFO in app: Registered blueprint: admin_bp -> /admin
[2025-12-04 21:47:40,763] INFO in app: Registered blueprint: face_bp -> /face
[2025-12-04 21:47:43,435] INFO in app: OK Logging initialized.
[2025-12-04 21:47:43,472] INFO in app: OK Database tables ensured (Base.metadata.create_all).
[2025-12-04 21:47:43,481] INFO in app: Registered blueprint: auth_bp -> /auth
[2025-12-04 21:47:43,481] INFO in app: Registered blueprint: attendance_bp -> /attendance
[2025-12-04 21:47:43,484] INFO in app: Registered blueprint: branches_bp -> /branches
[2025-12-04 21:47:43,486] INFO in app: Registered blueprint: schedule_bp -> /schedule
[2025-12-04 21:47:43,488] INFO in app: Registered blueprint: admin_bp -> /admin
[2025-12-04 21:47:43,489] INFO in app: Registered blueprint: face_bp -> /face
[2025-12-08 11:22:49,145] INFO in app: OK Logging initialized.
[2025-12-08 11:22:49,204] INFO in app: OK Database tables ensured (Base.metadata.create_all).
[2025-12-08 11:22:49,205] INFO in app: Registered blueprint: auth_bp -> /auth
[2025-12-08 11:22:49,206] INFO in app: Registered blueprint: attendance_bp -> /attendance
[2025-12-08 11:22:49,207] INFO in app: Registered blueprint: branches_bp -> /branches
[2025-12-08 11:22:49,209] INFO in app: Registered blueprint: schedule_bp -> /schedule
[2025-12-08 11:22:49,210] INFO in app: Registered blueprint: admin_bp -> /admin
[2025-12-08 11:22:49,212] INFO in app: Registered blueprint: face_bp -> /face
[2025-12-08 11:22:52,255] INFO in app: OK Logging initialized.
[2025-12-08 11:22:52,297] INFO in app: OK Database tables ensured (Base.metadata.create_all).
[2025-12-08 11:22:52,298] INFO in app: Registered blueprint: auth_bp -> /auth
[2025-12-08 11:22:52,299] INFO in app: Registered blueprint: attendance_bp -> /attendance
[2025-12-08 11:22:52,300] INFO in app: Registered blueprint: branches_bp -> /branches
[2025-12-08 11:22:52,302] INFO in app: Registered blueprint: schedule_bp -> /schedule
[2025-12-08 11:22:52,305] INFO in app: Registered blueprint: admin_bp -> /admin
[2025-12-08 11:22:52,307] INFO in app: Registered blueprint: face_bp -> /face
[2025-12-08 11:26:39,859] INFO in app: OK Logging initialized.
[2025-12-08 11:26:39,895] INFO in app: OK Database tables ensured (Base.metadata.create_all).
[2025-12-08 11:26:39,898] INFO in app: Registered blueprint: auth_bp -> /auth
[2025-12-08 11:26:39,899] INFO in app: Registered blueprint: attendance_bp -> /attendance
[2025-12-08 11:26:39,900] INFO in app: Registered blueprint: branches_bp -> /branches
[2025-12-08 11:26:39,901] INFO in app: Registered blueprint: schedule_bp -> /schedule
[2025-12-08 11:26:39,903] INFO in app: Registered blueprint: admin_bp -> /admin
[2025-12-08 11:26:39,903] INFO in app: Registered blueprint: face_bp -> /face
[2025-12-08 11:26:42,728] INFO in app: OK Logging initialized.
[2025-12-08 11:26:42,771] INFO in app: OK Database tables ensured (Base.metadata.create_all).
[2025-12-08 11:26:42,773] INFO in app: Registered blueprint: auth_bp -> /auth
[2025-12-08 11:26:42,773] INFO in app: Registered blueprint: attendance_bp -> /attendance
[2025-12-08 11:26:42,774] INFO in app: Registered blueprint: branches_bp -> /branches
[2025-12-08 11:26:42,775] INFO in app: Registered blueprint: schedule_bp -> /schedule
[2025-12-08 11:26:42,777] INFO in app: Registered blueprint: admin_bp -> /admin
[2025-12-08 11:26:42,779] INFO in app: Registered blueprint: face_bp -> /face
[2025-12-08 11:29:13,251] INFO in app: OK Logging initialized.
[2025-12-08 11:29:13,298] INFO in app: OK Database tables ensured (Base.metadata.create_all).
[2025-12-08 11:29:13,301] INFO in app: Registered blueprint: auth_bp -> /auth
[2025-12-08 11:29:13,301] INFO in app: Registered blueprint: attendance_bp -> /attendance
[2025-12-08 11:29:13,305] INFO in app: Registered blueprint: branches_bp -> /branches
[2025-12-08 11:29:13,307] INFO in app: Registered blueprint: schedule_bp -> /schedule
[2025-12-08 11:29:13,309] INFO in app: Registered blueprint: admin_bp -> /admin
[2025-12-08 11:29:13,310] INFO in app: Registered blueprint: face_bp -> /face
[2025-12-08 11:29:16,435] INFO in app: OK Logging initialized.
[2025-12-08 11:29:16,478] INFO in app: OK Database tables ensured (Base.metadata.create_all).
[2025-12-08 11:29:16,480] INFO in app: Registered blueprint: auth_bp -> /auth
[2025-12-08 11:29:16,481] INFO in app: Registered blueprint: attendance_bp -> /attendance
[2025-12-08 11:29:16,482] INFO in app: Registered blueprint: branches_bp -> /branches
[2025-12-08 11:29:16,484] INFO in app: Registered blueprint: schedule_bp -> /schedule
[2025-12-08 11:29:16,485] INFO in app: Registered blueprint: admin_bp -> /admin
[2025-12-08 11:29:16,487] INFO in app: Registered blueprint: face_bp -> /face
[2025-12-08 11:29:20,659] INFO in app: OK Logging initialized.
[2025-12-08 11:29:20,700] INFO in app: OK Database tables ensured (Base.metadata.create_all).
[2025-12-08 11:29:20,702] INFO in app: Registered blueprint: auth_bp -> /auth
[2025-12-08 11:29:20,703] INFO in app: Registered blueprint: attendance_bp -> /attendance
[2025-12-08 11:29:20,705] INFO in app: Registered blueprint: branches_bp -> /branches
[2025-12-08 11:29:20,707] INFO in app: Registered blueprint: schedule_bp -> /schedule
[2025-12-08 11:29:20,709] INFO in app: Registered blueprint: admin_bp -> /admin
[2025-12-08 11:29:20,710] INFO in app: Registered blueprint: face_bp -> /face
[2025-12-08 11:30:54,441] INFO in app: OK Logging initialized.
[2025-12-08 11:30:54,479] INFO in app: OK Database tables ensured (Base.metadata.create_all).
[2025-12-08 11:30:54,480] INFO in app: Registered blueprint: auth_bp -> /auth
[2025-12-08 11:30:54,481] INFO in app: Registered blueprint: attendance_bp -> /attendance
[2025-12-08 11:30:54,482] INFO in app: Registered blueprint: branches_bp -> /branches
[2025-12-08 11:30:54,484] INFO in app: Registered blueprint: schedule_bp -> /schedule
[2025-12-08 11:30:54,486] INFO in app: Registered blueprint: admin_bp -> /admin
[2025-12-08 11:30:54,487] INFO in app: Registered blueprint: face_bp -> /face
[2025-12-08 11:31:27,423] INFO in app: OK Logging initialized.
[2025-12-08 11:31:27,468] INFO in app: OK Database tables ensured (Base.metadata.create_all).
[2025-12-08 11:31:27,469] INFO in app: Registered blueprint: auth_bp -> /auth
[2025-12-08 11:31:27,471] INFO in app: Registered blueprint: attendance_bp -> /attendance
[2025-12-08 11:31:27,472] INFO in app: Registered blueprint: branches_bp -> /branches
[2025-12-08 11:31:27,473] INFO in app: Registered blueprint: schedule_bp -> /schedule
[2025-12-08 11:31:27,475] INFO in app: Registered blueprint: admin_bp -> /admin
[2025-12-08 11:31:27,477] INFO in app: Registered blueprint: face_bp -> /face
[2025-12-08 11:31:30,396] INFO in app: OK Logging initialized.
[2025-12-08 11:31:30,436] INFO in app: OK Database tables ensured (Base.metadata.create_all).
[2025-12-08 11:31:30,438] INFO in app: Registered blueprint: auth_bp -> /auth
[2025-12-08 11:31:30,438] INFO in app: Registered blueprint: attendance_bp -> /attendance
[2025-12-08 11:31:30,440] INFO in app: Registered blueprint: branches_bp -> /branches
[2025-12-08 11:31:30,442] INFO in app: Registered blueprint: schedule_bp -> /schedule
[2025-12-08 11:31:30,444] INFO in app: Registered blueprint: admin_bp -> /admin
[2025-12-08 11:31:30,445] INFO in app: Registered blueprint: face_bp -> /face
[2025-12-08 11:35:03,396] INFO in app: OK Logging initialized.
[2025-12-08 11:35:03,446] INFO in app: OK Database tables ensured (Base.metadata.create_all).
[2025-12-08 11:35:03,448] INFO in app: Registered blueprint: auth_bp -> /auth
[2025-12-08 11:35:03,449] INFO in app: Registered blueprint: attendance_bp -> /attendance
[2025-12-08 11:35:03,450] INFO in app: Registered blueprint: branches_bp -> /branches
[2025-12-08 11:35:03,452] INFO in app: Registered blueprint: schedule_bp -> /schedule
[2025-12-08 11:35:03,454] INFO in app: Registered blueprint: admin_bp -> /admin
[2025-12-08 11:35:03,476] INFO in app: Registered blueprint: face_bp -> /face
[2025-12-08 11:35:06,418] INFO in app: OK Logging initialized.
[2025-12-08 11:35:06,459] INFO in app: OK Database tables ensured (Base.metadata.create_all).
[2025-12-08 11:35:06,461] INFO in app: Registered blueprint: auth_bp -> /auth
[2025-12-08 11:35:06,462] INFO in app: Registered blueprint: attendance_bp -> /attendance
[2025-12-08 11:35:06,464] INFO in app: Registered blueprint: branches_bp -> /branches
[2025-12-08 11:35:06,466] INFO in app: Registered blueprint: schedule_bp -> /schedule
[2025-12-08 11:35:06,469] INFO in app: Registered blueprint: admin_bp -> /admin
[2025-12-08 11:35:06,470] INFO in app: Registered blueprint: face_bp -> /face
[2025-12-08 11:43:14,746] INFO in app: OK Logging initialized.
[2025-12-08 11:43:14,790] INFO in app: OK Database tables ensured (Base.metadata.create_all).
[2025-12-08 11:43:14,792] INFO in app: Registered blueprint: auth_bp -> /auth
[2025-12-08 11:43:14,792] INFO in app: Registered blueprint: attendance_bp -> /attendance
[2025-12-08 11:43:14,794] INFO in app: Registered blueprint: branches_bp -> /branches
[2025-12-08 11:43:14,795] INFO in app: Registered blueprint: schedule_bp -> /schedule
[2025-12-08 11:43:14,796] INFO in app: Registered blueprint: admin_bp -> /admin
[2025-12-08 11:43:14,798] INFO in app: Registered blueprint: face_bp -> /face
[2025-12-08 11:43:17,614] INFO in app: OK Logging initialized.
[2025-12-08 11:43:17,659] INFO in app: OK Database tables ensured (Base.metadata.create_all).
[2025-12-08 11:43:17,661] INFO in app: Registered blueprint: auth_bp -> /auth
[2025-12-08 11:43:17,661] INFO in app: Registered blueprint: attendance_bp -> /attendance
[2025-12-08 11:43:17,663] INFO in app: Registered blueprint: branches_bp -> /branches
[2025-12-08 11:43:17,664] INFO in app: Registered blueprint: schedule_bp -> /schedule
[2025-12-08 11:43:17,665] INFO in app: Registered blueprint: admin_bp -> /admin
[2025-12-08 11:43:17,666] INFO in app: Registered blueprint: face_bp -> /face
[2025-12-08 12:11:25,251] INFO in app: OK Logging initialized.
[2025-12-08 12:11:25,289] INFO in app: OK Database tables ensured (Base.metadata.create_all).
[2025-12-08 12:11:25,289] INFO in app: Registered blueprint: auth_bp -> /auth
[2025-12-08 12:11:25,289] INFO in app: Registered blueprint: attendance_bp -> /attendance
[2025-12-08 12:11:25,299] INFO in app: Registered blueprint: branches_bp -> /branches
[2025-12-08 12:11:25,300] INFO in app: Registered blueprint: schedule_bp -> /schedule
[2025-12-08 12:11:25,300] INFO in app: Registered blueprint: admin_bp -> /admin
[2025-12-08 12:11:25,300] INFO in app: Registered blueprint: face_bp -> /face
[2025-12-08 12:11:28,270] INFO in app: OK Logging initialized.
[2025-12-08 12:11:28,315] INFO in app: OK Database tables ensured (Base.metadata.create_all).
[2025-12-08 12:11:28,317] INFO in app: Registered blueprint: auth_bp -> /auth
[2025-12-08 12:11:28,318] INFO in app: Registered blueprint: attendance_bp -> /attendance
[2025-12-08 12:11:28,319] INFO in app: Registered blueprint: branches_bp -> /branches
[2025-12-08 12:11:28,319] INFO in app: Registered blueprint: schedule_bp -> /schedule
[2025-12-08 12:11:28,319] INFO in app: Registered blueprint: admin_bp -> /admin
[2025-12-08 12:11:28,319] INFO in app: Registered blueprint: face_bp -> /face
[2025-12-08 12:11:48,941] INFO in app: OK Logging initialized.
[2025-12-08 12:11:48,996] INFO in app: OK Database tables ensured (Base.metadata.create_all).
[2025-12-08 12:11:48,998] INFO in app: Registered blueprint: auth_bp -> /auth
[2025-12-08 12:11:48,999] INFO in app: Registered blueprint: attendance_bp -> /attendance
[2025-12-08 12:11:49,000] INFO in app: Registered blueprint: branches_bp -> /branches
[2025-12-08 12:11:49,003] INFO in app: Registered blueprint: schedule_bp -> /schedule
[2025-12-08 12:11:49,005] INFO in app: Registered blueprint: admin_bp -> /admin
[2025-12-08 12:11:49,005] INFO in app: Registered blueprint: face_bp -> /face
[2025-12-08 12:11:53,182] INFO in app: OK Logging initialized.
[2025-12-08 12:11:53,228] INFO in app: OK Database tables ensured (Base.metadata.create_all).
[2025-12-08 12:11:53,228] INFO in app: Registered blueprint: auth_bp -> /auth
[2025-12-08 12:11:53,228] INFO in app: Registered blueprint: attendance_bp -> /attendance
[2025-12-08 12:11:53,228] INFO in app: Registered blueprint: branches_bp -> /branches
[2025-12-08 12:11:53,228] INFO in app: Registered blueprint: schedule_bp -> /schedule
[2025-12-08 12:11:53,228] INFO in app: Registered blueprint: admin_bp -> /admin
[2025-12-08 12:11:53,242] INFO in app: Registered blueprint: face_bp -> /face
[2025-12-08 12:12:22,821] INFO in app: OK Logging initialized.
[2025-12-08 12:12:22,869] INFO in app: OK Database tables ensured (Base.metadata.create_all).
[2025-12-08 12:12:22,869] INFO in app: Registered blueprint: auth_bp -> /auth
[2025-12-08 12:12:22,869] INFO in app: Registered blueprint: attendance_bp -> /attendance
[2025-12-08 12:12:22,869] INFO in app: Registered blueprint: branches_bp -> /branches
[2025-12-08 12:12:22,885] INFO in app: Registered blueprint: schedule_bp -> /schedule
[2025-12-08 12:12:22,885] INFO in app: Registered blueprint: admin_bp -> /admin
[2025-12-08 12:12:22,888] INFO in app: Registered blueprint: face_bp -> /face
[2025-12-08 12:13:29,552] ERROR in face: DB Error: (pymysql.err.IntegrityError) (1452, 'Cannot add or update a child row: a foreign key constraint fails (`db_arcface_ta`.`attendance_logs`, CONSTRAINT `attendance_logs_ibfk_2` FOREIGN KEY (`branch_id_attempted`) REFERENCES `branches` (`branch_id`))')
[SQL: INSERT INTO attendance_logs (user_id, branch_id_attempted, check_in_time, check_out_time, timestamp_attempt, latitude_attempt, longitude_attempt, is_inside_geofence, is_liveness_passed, face_similarity_score, final_status) VALUES (%(user_id)s, %(branch_id_attempted)s, %(check_in_time)s, %(check_out_time)s, %(timestamp_attempt)s, %(latitude_attempt)s, %(longitude_attempt)s, %(is_inside_geofence)s, %(is_liveness_passed)s, %(face_similarity_score)s, %(final_status)s)]
[parameters: {'user_id': '1', 'branch_id_attempted': 1, 'check_in_time': datetime.datetime(2025, 12, 8, 5, 13, 29, 486954), 'check_out_time': None, 'timestamp_attempt': datetime.datetime(2025, 12, 8, 5, 13, 29, 486954), 'latitude_attempt': -6.175392, 'longitude_attempt': 106.827153, 'is_inside_geofence': 1, 'is_liveness_passed': 1, 'face_similarity_score': 0.6886978302099005, 'final_status': 'Success'}]
(Background on this error at: https://sqlalche.me/e/20/gkpj)
[2025-12-08 12:13:55,543] ERROR in face: DB Error: (pymysql.err.IntegrityError) (1452, 'Cannot add or update a child row: a foreign key constraint fails (`db_arcface_ta`.`attendance_logs`, CONSTRAINT `attendance_logs_ibfk_2` FOREIGN KEY (`branch_id_attempted`) REFERENCES `branches` (`branch_id`))')
[SQL: INSERT INTO attendance_logs (user_id, branch_id_attempted, check_in_time, check_out_time, timestamp_attempt, latitude_attempt, longitude_attempt, is_inside_geofence, is_liveness_passed, face_similarity_score, final_status) VALUES (%(user_id)s, %(branch_id_attempted)s, %(check_in_time)s, %(check_out_time)s, %(timestamp_attempt)s, %(latitude_attempt)s, %(longitude_attempt)s, %(is_inside_geofence)s, %(is_liveness_passed)s, %(face_similarity_score)s, %(final_status)s)]
[parameters: {'user_id': '1', 'branch_id_attempted': 1, 'check_in_time': datetime.datetime(2025, 12, 8, 5, 13, 55, 464024), 'check_out_time': None, 'timestamp_attempt': datetime.datetime(2025, 12, 8, 5, 13, 55, 464024), 'latitude_attempt': -6.175392, 'longitude_attempt': 106.827153, 'is_inside_geofence': 1, 'is_liveness_passed': 1, 'face_similarity_score': 0.6943879427267802, 'final_status': 'Success'}]
(Background on this error at: https://sqlalche.me/e/20/gkpj)
[2025-12-08 12:19:40,630] INFO in app: OK Logging initialized.
[2025-12-08 12:19:40,673] INFO in app: OK Database tables ensured (Base.metadata.create_all).
[2025-12-08 12:19:40,674] INFO in app: Registered blueprint: auth_bp -> /auth
[2025-12-08 12:19:40,674] INFO in app: Registered blueprint: attendance_bp -> /attendance
[2025-12-08 12:19:40,674] INFO in app: Registered blueprint: branches_bp -> /branches
[2025-12-08 12:19:40,674] INFO in app: Registered blueprint: schedule_bp -> /schedule
[2025-12-08 12:19:40,674] INFO in app: Registered blueprint: admin_bp -> /admin
[2025-12-08 12:19:40,674] INFO in app: Registered blueprint: face_bp -> /face
[2025-12-08 12:19:43,452] INFO in app: OK Logging initialized.
[2025-12-08 12:19:43,523] INFO in app: OK Database tables ensured (Base.metadata.create_all).
[2025-12-08 12:19:43,525] INFO in app: Registered blueprint: auth_bp -> /auth
[2025-12-08 12:19:43,525] INFO in app: Registered blueprint: attendance_bp -> /attendance
[2025-12-08 12:19:43,526] INFO in app: Registered blueprint: branches_bp -> /branches
[2025-12-08 12:19:43,527] INFO in app: Registered blueprint: schedule_bp -> /schedule
[2025-12-08 12:19:43,528] INFO in app: Registered blueprint: admin_bp -> /admin
[2025-12-08 12:19:43,529] INFO in app: Registered blueprint: face_bp -> /face
[2025-12-08 13:04:01,417] INFO in app: OK Logging initialized.
[2025-12-08 13:04:01,446] INFO in app: OK Database tables ensured (Base.metadata.create_all).
[2025-12-08 13:04:01,459] INFO in app: Registered blueprint: auth_bp -> /auth
[2025-12-08 13:04:01,460] INFO in app: Registered blueprint: attendance_bp -> /attendance
[2025-12-08 13:04:01,461] INFO in app: Registered blueprint: branches_bp -> /branches
[2025-12-08 13:04:01,462] INFO in app: Registered blueprint: schedule_bp -> /schedule
[2025-12-08 13:04:01,464] INFO in app: Registered blueprint: admin_bp -> /admin
[2025-12-08 13:04:01,466] INFO in app: Registered blueprint: face_bp -> /face
[2025-12-08 13:04:04,402] INFO in app: OK Logging initialized.
[2025-12-08 13:04:04,441] INFO in app: OK Database tables ensured (Base.metadata.create_all).
[2025-12-08 13:04:04,442] INFO in app: Registered blueprint: auth_bp -> /auth
[2025-12-08 13:04:04,443] INFO in app: Registered blueprint: attendance_bp -> /attendance
[2025-12-08 13:04:04,446] INFO in app: Registered blueprint: branches_bp -> /branches
[2025-12-08 13:04:04,449] INFO in app: Registered blueprint: schedule_bp -> /schedule
[2025-12-08 13:04:04,450] INFO in app: Registered blueprint: admin_bp -> /admin
[2025-12-08 13:04:04,452] INFO in app: Registered blueprint: face_bp -> /face
[2025-12-08 13:13:49,889] INFO in app: OK Logging initialized.
[2025-12-08 13:13:49,929] INFO in app: OK Database tables ensured (Base.metadata.create_all).
[2025-12-08 13:13:49,931] INFO in app: Registered blueprint: auth_bp -> /auth
[2025-12-08 13:13:49,931] INFO in app: Registered blueprint: attendance_bp -> /attendance
[2025-12-08 13:13:49,933] INFO in app: Registered blueprint: branches_bp -> /branches
[2025-12-08 13:13:49,934] INFO in app: Registered blueprint: schedule_bp -> /schedule
[2025-12-08 13:13:49,934] INFO in app: Registered blueprint: admin_bp -> /admin
[2025-12-08 13:13:49,934] INFO in app: Registered blueprint: face_bp -> /face
[2025-12-08 13:13:52,864] INFO in app: OK Logging initialized.
[2025-12-08 13:13:52,910] INFO in app: OK Database tables ensured (Base.metadata.create_all).
[2025-12-08 13:13:52,910] INFO in app: Registered blueprint: auth_bp -> /auth
[2025-12-08 13:13:52,910] INFO in app: Registered blueprint: attendance_bp -> /attendance
[2025-12-08 13:13:52,910] INFO in app: Registered blueprint: branches_bp -> /branches
[2025-12-08 13:13:52,910] INFO in app: Registered blueprint: schedule_bp -> /schedule
[2025-12-08 13:13:52,910] INFO in app: Registered blueprint: admin_bp -> /admin
[2025-12-08 13:13:52,910] INFO in app: Registered blueprint: face_bp -> /face
[2025-12-08 13:20:53,893] INFO in app: OK Logging initialized.
[2025-12-08 13:20:53,933] INFO in app: OK Database tables ensured (Base.metadata.create_all).
[2025-12-08 13:20:53,933] INFO in app: Registered blueprint: auth_bp -> /auth
[2025-12-08 13:20:53,933] INFO in app: Registered blueprint: attendance_bp -> /attendance
[2025-12-08 13:20:53,933] INFO in app: Registered blueprint: branches_bp -> /branches
[2025-12-08 13:20:53,933] INFO in app: Registered blueprint: schedule_bp -> /schedule
[2025-12-08 13:20:53,933] INFO in app: Registered blueprint: admin_bp -> /admin
[2025-12-08 13:20:53,933] INFO in app: Registered blueprint: face_bp -> /face
[2025-12-08 13:20:56,689] INFO in app: OK Logging initialized.
[2025-12-08 13:20:56,739] INFO in app: OK Database tables ensured (Base.metadata.create_all).
[2025-12-08 13:20:56,742] INFO in app: Registered blueprint: auth_bp -> /auth
[2025-12-08 13:20:56,743] INFO in app: Registered blueprint: attendance_bp -> /attendance
[2025-12-08 13:20:56,744] INFO in app: Registered blueprint: branches_bp -> /branches
[2025-12-08 13:20:56,744] INFO in app: Registered blueprint: schedule_bp -> /schedule
[2025-12-08 13:20:56,744] INFO in app: Registered blueprint: admin_bp -> /admin
[2025-12-08 13:20:56,744] INFO in app: Registered blueprint: face_bp -> /face
[2025-12-08 13:38:21,033] INFO in app: OK Logging initialized.
[2025-12-08 13:38:21,094] INFO in app: OK Database tables ensured (Base.metadata.create_all).
[2025-12-08 13:38:21,095] INFO in app: Registered blueprint: auth_bp -> /auth
[2025-12-08 13:38:21,096] INFO in app: Registered blueprint: attendance_bp -> /attendance
[2025-12-08 13:38:21,097] INFO in app: Registered blueprint: branches_bp -> /branches
[2025-12-08 13:38:21,099] INFO in app: Registered blueprint: schedule_bp -> /schedule
[2025-12-08 13:38:21,101] INFO in app: Registered blueprint: admin_bp -> /admin
[2025-12-08 13:38:21,102] INFO in app: Registered blueprint: face_bp -> /face
[2025-12-08 13:46:32,197] INFO in app: OK Logging initialized.
[2025-12-08 13:46:32,264] INFO in app: OK Database tables ensured (Base.metadata.create_all).
[2025-12-08 13:46:32,264] INFO in app: Registered blueprint: auth_bp -> /auth
[2025-12-08 13:46:32,277] INFO in app: Registered blueprint: attendance_bp -> /attendance
[2025-12-08 13:46:32,278] INFO in app: Registered blueprint: branches_bp -> /branches
[2025-12-08 13:46:32,278] INFO in app: Registered blueprint: schedule_bp -> /schedule
[2025-12-08 13:46:32,282] INFO in app: Registered blueprint: admin_bp -> /admin
[2025-12-08 13:46:32,283] INFO in app: Registered blueprint: face_bp -> /face
[2025-12-08 14:22:36,217] INFO in app: OK Logging initialized.
[2025-12-08 14:22:36,274] INFO in app: OK Database tables ensured (Base.metadata.create_all).
[2025-12-08 14:22:36,276] INFO in app: Registered blueprint: auth_bp -> /auth
[2025-12-08 14:22:36,276] INFO in app: Registered blueprint: attendance_bp -> /attendance
[2025-12-08 14:22:36,277] INFO in app: Registered blueprint: branches_bp -> /branches
[2025-12-08 14:22:36,279] INFO in app: Registered blueprint: schedule_bp -> /schedule
[2025-12-08 14:22:36,280] INFO in app: Registered blueprint: admin_bp -> /admin
[2025-12-08 14:22:36,281] INFO in app: Registered blueprint: face_bp -> /face
[2025-12-08 14:22:39,267] INFO in app: OK Logging initialized.
[2025-12-08 14:22:39,311] INFO in app: OK Database tables ensured (Base.metadata.create_all).
[2025-12-08 14:22:39,313] INFO in app: Registered blueprint: auth_bp -> /auth
[2025-12-08 14:22:39,314] INFO in app: Registered blueprint: attendance_bp -> /attendance
[2025-12-08 14:22:39,316] INFO in app: Registered blueprint: branches_bp -> /branches
[2025-12-08 14:22:39,317] INFO in app: Registered blueprint: schedule_bp -> /schedule
[2025-12-08 14:22:39,319] INFO in app: Registered blueprint: admin_bp -> /admin
[2025-12-08 14:22:39,320] INFO in app: Registered blueprint: face_bp -> /face
[2025-12-08 14:27:09,208] INFO in app: OK Logging initialized.
[2025-12-08 14:27:09,272] INFO in app: OK Database tables ensured (Base.metadata.create_all).
[2025-12-08 14:27:09,273] INFO in app: Registered blueprint: auth_bp -> /auth
[2025-12-08 14:27:09,274] INFO in app: Registered blueprint: attendance_bp -> /attendance
[2025-12-08 14:27:09,275] INFO in app: Registered blueprint: branches_bp -> /branches
[2025-12-08 14:27:09,276] INFO in app: Registered blueprint: schedule_bp -> /schedule
[2025-12-08 14:27:09,278] INFO in app: Registered blueprint: admin_bp -> /admin
[2025-12-08 14:27:09,280] INFO in app: Registered blueprint: face_bp -> /face
[2025-12-08 14:27:12,064] INFO in app: OK Logging initialized.
[2025-12-08 14:27:12,106] INFO in app: OK Database tables ensured (Base.metadata.create_all).
[2025-12-08 14:27:12,106] INFO in app: Registered blueprint: auth_bp -> /auth
[2025-12-08 14:27:12,106] INFO in app: Registered blueprint: attendance_bp -> /attendance
[2025-12-08 14:27:12,106] INFO in app: Registered blueprint: branches_bp -> /branches
[2025-12-08 14:27:12,106] INFO in app: Registered blueprint: schedule_bp -> /schedule
[2025-12-08 14:27:12,115] INFO in app: Registered blueprint: admin_bp -> /admin
[2025-12-08 14:27:12,117] INFO in app: Registered blueprint: face_bp -> /face
[2025-12-08 15:06:28,153] INFO in app: OK Logging initialized.
[2025-12-08 15:06:28,197] INFO in app: OK Database tables ensured (Base.metadata.create_all).
[2025-12-08 15:06:28,197] INFO in app: Registered blueprint: auth_bp -> /auth
[2025-12-08 15:06:28,197] INFO in app: Registered blueprint: attendance_bp -> /attendance
[2025-12-08 15:06:28,197] INFO in app: Registered blueprint: branches_bp -> /branches
[2025-12-08 15:06:28,206] INFO in app: Registered blueprint: schedule_bp -> /schedule
[2025-12-08 15:06:28,207] INFO in app: Registered blueprint: admin_bp -> /admin
[2025-12-08 15:06:28,207] INFO in app: Registered blueprint: face_bp -> /face
[2025-12-08 15:06:31,172] INFO in app: OK Logging initialized.
[2025-12-08 15:06:31,208] INFO in app: OK Database tables ensured (Base.metadata.create_all).
[2025-12-08 15:06:31,208] INFO in app: Registered blueprint: auth_bp -> /auth
[2025-12-08 15:06:31,208] INFO in app: Registered blueprint: attendance_bp -> /attendance
[2025-12-08 15:06:31,208] INFO in app: Registered blueprint: branches_bp -> /branches
[2025-12-08 15:06:31,222] INFO in app: Registered blueprint: schedule_bp -> /schedule
[2025-12-08 15:06:31,224] INFO in app: Registered blueprint: admin_bp -> /admin
[2025-12-08 15:06:31,224] INFO in app: Registered blueprint: face_bp -> /face
[2025-12-08 15:15:47,842] INFO in app: OK Logging initialized.
[2025-12-08 15:15:47,892] INFO in app: OK Database tables ensured (Base.metadata.create_all).
[2025-12-08 15:15:47,893] INFO in app: Registered blueprint: auth_bp -> /auth
[2025-12-08 15:15:47,894] INFO in app: Registered blueprint: attendance_bp -> /attendance
[2025-12-08 15:15:47,896] INFO in app: Registered blueprint: branches_bp -> /branches
[2025-12-08 15:15:47,896] INFO in app: Registered blueprint: schedule_bp -> /schedule
[2025-12-08 15:15:47,900] INFO in app: Registered blueprint: admin_bp -> /admin
[2025-12-08 15:15:47,901] INFO in app: Registered blueprint: face_bp -> /face
[2025-12-08 15:19:59,927] INFO in app: OK Logging initialized.
[2025-12-08 15:19:59,994] INFO in app: OK Database tables ensured (Base.metadata.create_all).
[2025-12-08 15:19:59,994] INFO in app: Registered blueprint: auth_bp -> /auth
[2025-12-08 15:19:59,994] INFO in app: Registered blueprint: attendance_bp -> /attendance
[2025-12-08 15:19:59,994] INFO in app: Registered blueprint: branches_bp -> /branches
[2025-12-08 15:19:59,994] INFO in app: Registered blueprint: schedule_bp -> /schedule
[2025-12-08 15:19:59,994] INFO in app: Registered blueprint: admin_bp -> /admin
[2025-12-08 15:20:00,001] INFO in app: Registered blueprint: face_bp -> /face
[2025-12-08 15:24:40,155] INFO in app: OK Logging initialized.
[2025-12-08 15:24:40,196] INFO in app: OK Database tables ensured (Base.metadata.create_all).
[2025-12-08 15:24:40,208] INFO in app: Registered blueprint: auth_bp -> /auth
[2025-12-08 15:24:40,210] INFO in app: Registered blueprint: attendance_bp -> /attendance
[2025-12-08 15:24:40,212] INFO in app: Registered blueprint: branches_bp -> /branches
[2025-12-08 15:24:40,215] INFO in app: Registered blueprint: schedule_bp -> /schedule
[2025-12-08 15:24:40,218] INFO in app: Registered blueprint: admin_bp -> /admin
[2025-12-08 15:24:40,222] INFO in app: Registered blueprint: face_bp -> /face
[2025-12-08 15:25:29,475] INFO in app: OK Logging initialized.
[2025-12-08 15:25:29,526] INFO in app: OK Database tables ensured (Base.metadata.create_all).
[2025-12-08 15:25:29,528] INFO in app: Registered blueprint: auth_bp -> /auth
[2025-12-08 15:25:29,530] INFO in app: Registered blueprint: attendance_bp -> /attendance
[2025-12-08 15:25:29,532] INFO in app: Registered blueprint: branches_bp -> /branches
[2025-12-08 15:25:29,535] INFO in app: Registered blueprint: schedule_bp -> /schedule
[2025-12-08 15:25:29,536] INFO in app: Registered blueprint: admin_bp -> /admin
[2025-12-08 15:25:29,537] INFO in app: Registered blueprint: face_bp -> /face
[2025-12-08 15:25:36,756] INFO in app: OK Logging initialized.
[2025-12-08 15:25:36,809] INFO in app: OK Database tables ensured (Base.metadata.create_all).
[2025-12-08 15:25:36,813] INFO in app: Registered blueprint: auth_bp -> /auth
[2025-12-08 15:25:36,815] INFO in app: Registered blueprint: attendance_bp -> /attendance
[2025-12-08 15:25:36,817] INFO in app: Registered blueprint: branches_bp -> /branches
[2025-12-08 15:25:36,818] INFO in app: Registered blueprint: schedule_bp -> /schedule
[2025-12-08 15:25:36,820] INFO in app: Registered blueprint: admin_bp -> /admin
[2025-12-08 15:25:36,822] INFO in app: Registered blueprint: face_bp -> /face
[2025-12-08 15:25:40,989] INFO in app: OK Logging initialized.
[2025-12-08 15:25:41,045] INFO in app: OK Database tables ensured (Base.metadata.create_all).
[2025-12-08 15:25:41,045] INFO in app: Registered blueprint: auth_bp -> /auth
[2025-12-08 15:25:41,045] INFO in app: Registered blueprint: attendance_bp -> /attendance
[2025-12-08 15:25:41,045] INFO in app: Registered blueprint: branches_bp -> /branches
[2025-12-08 15:25:41,057] INFO in app: Registered blueprint: schedule_bp -> /schedule
[2025-12-08 15:25:41,060] INFO in app: Registered blueprint: admin_bp -> /admin
[2025-12-08 15:25:41,061] INFO in app: Registered blueprint: face_bp -> /face
[2025-12-08 15:28:10,734] INFO in app: OK Logging initialized.
[2025-12-08 15:28:10,797] INFO in app: OK Database tables ensured (Base.metadata.create_all).
[2025-12-08 15:28:10,798] INFO in app: Registered blueprint: auth_bp -> /auth
[2025-12-08 15:28:10,799] INFO in app: Registered blueprint: attendance_bp -> /attendance
[2025-12-08 15:28:10,801] INFO in app: Registered blueprint: branches_bp -> /branches
[2025-12-08 15:28:10,802] INFO in app: Registered blueprint: schedule_bp -> /schedule
[2025-12-08 15:28:10,804] INFO in app: Registered blueprint: admin_bp -> /admin
[2025-12-08 15:28:10,806] INFO in app: Registered blueprint: face_bp -> /face
[2025-12-08 15:28:33,416] INFO in app: OK Logging initialized.
[2025-12-08 15:28:33,448] INFO in app: OK Database tables ensured (Base.metadata.create_all).
[2025-12-08 15:28:33,448] INFO in app: Registered blueprint: auth_bp -> /auth
[2025-12-08 15:28:33,448] INFO in app: Registered blueprint: attendance_bp -> /attendance
[2025-12-08 15:28:33,448] INFO in app: Registered blueprint: branches_bp -> /branches
[2025-12-08 15:28:33,464] INFO in app: Registered blueprint: schedule_bp -> /schedule
[2025-12-08 15:28:33,465] INFO in app: Registered blueprint: admin_bp -> /admin
[2025-12-08 15:28:33,467] INFO in app: Registered blueprint: face_bp -> /face
[2025-12-08 15:28:38,777] INFO in app: OK Logging initialized.
[2025-12-08 15:28:38,820] INFO in app: OK Database tables ensured (Base.metadata.create_all).
[2025-12-08 15:28:38,822] INFO in app: Registered blueprint: auth_bp -> /auth
[2025-12-08 15:28:38,823] INFO in app: Registered blueprint: attendance_bp -> /attendance
[2025-12-08 15:28:38,824] INFO in app: Registered blueprint: branches_bp -> /branches
[2025-12-08 15:28:38,825] INFO in app: Registered blueprint: schedule_bp -> /schedule
[2025-12-08 15:28:38,827] INFO in app: Registered blueprint: admin_bp -> /admin
[2025-12-08 15:28:38,829] INFO in app: Registered blueprint: face_bp -> /face
[2025-12-08 15:29:16,087] INFO in app: OK Logging initialized.
[2025-12-08 15:29:16,147] INFO in app: OK Database tables ensured (Base.metadata.create_all).
[2025-12-08 15:29:16,148] INFO in app: Registered blueprint: auth_bp -> /auth
[2025-12-08 15:29:16,148] INFO in app: Registered blueprint: attendance_bp -> /attendance
[2025-12-08 15:29:16,148] INFO in app: Registered blueprint: branches_bp -> /branches
[2025-12-08 15:29:16,154] INFO in app: Registered blueprint: schedule_bp -> /schedule
[2025-12-08 15:29:16,156] INFO in app: Registered blueprint: admin_bp -> /admin
[2025-12-08 15:29:16,157] INFO in app: Registered blueprint: face_bp -> /face
[2025-12-09 10:31:19,599] INFO in app: OK Logging initialized.
[2025-12-09 10:31:19,684] INFO in app: OK Database tables ensured (Base.metadata.create_all).
[2025-12-09 10:31:19,685] INFO in app: Registered blueprint: auth_bp -> /auth
[2025-12-09 10:31:19,686] INFO in app: Registered blueprint: attendance_bp -> /attendance
[2025-12-09 10:31:19,687] INFO in app: Registered blueprint: branches_bp -> /branches
[2025-12-09 10:31:19,689] INFO in app: Registered blueprint: schedule_bp -> /schedule
[2025-12-09 10:31:19,690] INFO in app: Registered blueprint: admin_bp -> /admin
[2025-12-09 10:31:19,691] INFO in app: Registered blueprint: face_bp -> /face
[2025-12-09 10:31:23,312] INFO in app: OK Logging initialized.
[2025-12-09 10:31:23,371] INFO in app: OK Database tables ensured (Base.metadata.create_all).
[2025-12-09 10:31:23,373] INFO in app: Registered blueprint: auth_bp -> /auth
[2025-12-09 10:31:23,374] INFO in app: Registered blueprint: attendance_bp -> /attendance
[2025-12-09 10:31:23,378] INFO in app: Registered blueprint: branches_bp -> /branches
[2025-12-09 10:31:23,384] INFO in app: Registered blueprint: schedule_bp -> /schedule
[2025-12-09 10:31:23,387] INFO in app: Registered blueprint: admin_bp -> /admin
[2025-12-09 10:31:23,388] INFO in app: Registered blueprint: face_bp -> /face
[2025-12-09 11:27:34,704] INFO in app: OK Logging initialized.
[2025-12-09 11:27:34,765] INFO in app: OK Database tables ensured (Base.metadata.create_all).
[2025-12-09 11:27:34,767] INFO in app: Registered blueprint: auth_bp -> /auth
[2025-12-09 11:27:34,768] INFO in app: Registered blueprint: attendance_bp -> /attendance
[2025-12-09 11:27:34,769] INFO in app: Registered blueprint: branches_bp -> /branches
[2025-12-09 11:27:34,771] INFO in app: Registered blueprint: schedule_bp -> /schedule
[2025-12-09 11:27:34,772] INFO in app: Registered blueprint: admin_bp -> /admin
[2025-12-09 11:27:34,774] INFO in app: Registered blueprint: face_bp -> /face
[2025-12-09 11:27:34,775] INFO in app: Registered blueprint: dashboard_bp -> /dashboard
[2025-12-09 11:27:37,616] INFO in app: OK Logging initialized.
[2025-12-09 11:27:37,662] INFO in app: OK Database tables ensured (Base.metadata.create_all).
[2025-12-09 11:27:37,671] INFO in app: Registered blueprint: auth_bp -> /auth
[2025-12-09 11:27:37,671] INFO in app: Registered blueprint: attendance_bp -> /attendance
[2025-12-09 11:27:37,673] INFO in app: Registered blueprint: branches_bp -> /branches
[2025-12-09 11:27:37,674] INFO in app: Registered blueprint: schedule_bp -> /schedule
[2025-12-09 11:27:37,679] INFO in app: Registered blueprint: admin_bp -> /admin
[2025-12-09 11:27:37,680] INFO in app: Registered blueprint: face_bp -> /face
[2025-12-09 11:27:37,680] INFO in app: Registered blueprint: dashboard_bp -> /dashboard
[2025-12-09 12:09:45,866] INFO in app: OK Logging initialized.
[2025-12-09 12:09:45,940] INFO in app: OK Database tables ensured (Base.metadata.create_all).
[2025-12-09 12:09:45,942] INFO in app: Registered blueprint: auth_bp -> /auth
[2025-12-09 12:09:45,943] INFO in app: Registered blueprint: attendance_bp -> /attendance
[2025-12-09 12:09:45,945] INFO in app: Registered blueprint: branches_bp -> /branches
[2025-12-09 12:09:45,946] INFO in app: Registered blueprint: schedule_bp -> /schedule
[2025-12-09 12:09:45,949] INFO in app: Registered blueprint: admin_bp -> /admin
[2025-12-09 12:09:45,950] INFO in app: Registered blueprint: face_bp -> /face
[2025-12-09 12:09:45,951] INFO in app: Registered blueprint: dashboard_bp -> /dashboard
[2025-12-09 12:15:42,652] INFO in app: OK Logging initialized.
[2025-12-09 12:15:42,697] INFO in app: OK Database tables ensured (Base.metadata.create_all).
[2025-12-09 12:15:42,699] INFO in app: Registered blueprint: auth_bp -> /auth
[2025-12-09 12:15:42,700] INFO in app: Registered blueprint: attendance_bp -> /attendance
[2025-12-09 12:15:42,702] INFO in app: Registered blueprint: branches_bp -> /branches
[2025-12-09 12:15:42,704] INFO in app: Registered blueprint: schedule_bp -> /schedule
[2025-12-09 12:15:42,706] INFO in app: Registered blueprint: admin_bp -> /admin
[2025-12-09 12:15:42,707] INFO in app: Registered blueprint: face_bp -> /face
[2025-12-09 12:15:42,708] INFO in app: Registered blueprint: dashboard_bp -> /dashboard
[2025-12-09 14:55:23,028] INFO in app: OK Logging initialized.
[2025-12-09 14:55:23,065] INFO in app: OK Database tables ensured (Base.metadata.create_all).
[2025-12-09 14:55:23,068] INFO in app: Registered blueprint: auth_bp -> /auth
[2025-12-09 14:55:23,069] INFO in app: Registered blueprint: attendance_bp -> /attendance
[2025-12-09 14:55:23,071] INFO in app: Registered blueprint: branches_bp -> /branches
[2025-12-09 14:55:23,072] INFO in app: Registered blueprint: schedule_bp -> /schedule
[2025-12-09 14:55:23,074] INFO in app: Registered blueprint: admin_bp -> /admin
[2025-12-09 14:55:23,075] INFO in app: Registered blueprint: face_bp -> /face
[2025-12-09 14:55:23,075] INFO in app: Registered blueprint: dashboard_bp -> /dashboard
[2025-12-09 14:55:26,474] INFO in app: OK Logging initialized.
[2025-12-09 14:55:26,525] INFO in app: OK Database tables ensured (Base.metadata.create_all).
[2025-12-09 14:55:26,525] INFO in app: Registered blueprint: auth_bp -> /auth
[2025-12-09 14:55:26,525] INFO in app: Registered blueprint: attendance_bp -> /attendance
[2025-12-09 14:55:26,534] INFO in app: Registered blueprint: branches_bp -> /branches
[2025-12-09 14:55:26,534] INFO in app: Registered blueprint: schedule_bp -> /schedule
[2025-12-09 14:55:26,534] INFO in app: Registered blueprint: admin_bp -> /admin
[2025-12-09 14:55:26,538] INFO in app: Registered blueprint: face_bp -> /face
[2025-12-09 14:55:26,539] INFO in app: Registered blueprint: dashboard_bp -> /dashboard
[2025-12-09 15:05:49,348] INFO in app: OK Logging initialized.
[2025-12-09 15:05:49,412] INFO in app: OK Database tables ensured (Base.metadata.create_all).
[2025-12-09 15:05:49,414] INFO in app: Registered blueprint: auth_bp -> /auth
[2025-12-09 15:05:49,415] INFO in app: Registered blueprint: attendance_bp -> /attendance
[2025-12-09 15:05:49,417] INFO in app: Registered blueprint: branches_bp -> /branches
[2025-12-09 15:05:49,419] INFO in app: Registered blueprint: schedule_bp -> /schedule
[2025-12-09 15:05:49,420] INFO in app: Registered blueprint: admin_bp -> /admin
[2025-12-09 15:05:49,421] INFO in app: Registered blueprint: face_bp -> /face
[2025-12-09 15:05:49,422] INFO in app: Registered blueprint: dashboard_bp -> /dashboard
[2025-12-09 15:05:52,779] INFO in app: OK Logging initialized.
[2025-12-09 15:05:52,866] INFO in app: OK Database tables ensured (Base.metadata.create_all).
[2025-12-09 15:05:52,869] INFO in app: Registered blueprint: auth_bp -> /auth
[2025-12-09 15:05:52,870] INFO in app: Registered blueprint: attendance_bp -> /attendance
[2025-12-09 15:05:52,872] INFO in app: Registered blueprint: branches_bp -> /branches
[2025-12-09 15:05:52,874] INFO in app: Registered blueprint: schedule_bp -> /schedule
[2025-12-09 15:05:52,876] INFO in app: Registered blueprint: admin_bp -> /admin
[2025-12-09 15:05:52,877] INFO in app: Registered blueprint: face_bp -> /face
[2025-12-09 15:05:52,878] INFO in app: Registered blueprint: dashboard_bp -> /dashboard
[2025-12-09 15:35:07,436] INFO in app: OK Logging initialized.
[2025-12-09 15:35:07,487] INFO in app: OK Database tables ensured (Base.metadata.create_all).
[2025-12-09 15:35:07,487] INFO in app: Registered blueprint: auth_bp -> /auth
[2025-12-09 15:35:07,487] INFO in app: Registered blueprint: attendance_bp -> /attendance
[2025-12-09 15:35:07,487] INFO in app: Registered blueprint: branches_bp -> /branches
[2025-12-09 15:35:07,487] INFO in app: Registered blueprint: schedule_bp -> /schedule
[2025-12-09 15:35:07,503] INFO in app: Registered blueprint: admin_bp -> /admin
[2025-12-09 15:35:07,503] INFO in app: Registered blueprint: face_bp -> /face
[2025-12-09 15:35:07,503] INFO in app: Registered blueprint: dashboard_bp -> /dashboard
[2025-12-09 15:35:10,191] INFO in app: OK Logging initialized.
[2025-12-09 15:35:10,252] INFO in app: OK Database tables ensured (Base.metadata.create_all).
[2025-12-09 15:35:10,252] INFO in app: Registered blueprint: auth_bp -> /auth
[2025-12-09 15:35:10,252] INFO in app: Registered blueprint: attendance_bp -> /attendance
[2025-12-09 15:35:10,252] INFO in app: Registered blueprint: branches_bp -> /branches
[2025-12-09 15:35:10,252] INFO in app: Registered blueprint: schedule_bp -> /schedule
[2025-12-09 15:35:10,265] INFO in app: Registered blueprint: admin_bp -> /admin
[2025-12-09 15:35:10,265] INFO in app: Registered blueprint: face_bp -> /face
[2025-12-09 15:35:10,266] INFO in app: Registered blueprint: dashboard_bp -> /dashboard
[2025-12-09 15:46:08,177] INFO in app: OK Logging initialized.
[2025-12-09 15:46:08,226] INFO in app: OK Database tables ensured (Base.metadata.create_all).
[2025-12-09 15:46:08,229] INFO in app: Registered blueprint: auth_bp -> /auth
[2025-12-09 15:46:08,230] INFO in app: Registered blueprint: attendance_bp -> /attendance
[2025-12-09 15:46:08,231] INFO in app: Registered blueprint: branches_bp -> /branches
[2025-12-09 15:46:08,233] INFO in app: Registered blueprint: schedule_bp -> /schedule
[2025-12-09 15:46:08,234] INFO in app: Registered blueprint: admin_bp -> /admin
[2025-12-09 15:46:08,235] INFO in app: Registered blueprint: face_bp -> /face
[2025-12-09 15:46:08,235] INFO in app: Registered blueprint: dashboard_bp -> /dashboard
[2025-12-09 15:46:11,396] INFO in app: OK Logging initialized.
[2025-12-09 15:46:11,457] INFO in app: OK Database tables ensured (Base.metadata.create_all).
[2025-12-09 15:46:11,464] INFO in app: Registered blueprint: auth_bp -> /auth
[2025-12-09 15:46:11,470] INFO in app: Registered blueprint: attendance_bp -> /attendance
[2025-12-09 15:46:11,474] INFO in app: Registered blueprint: branches_bp -> /branches
[2025-12-09 15:46:11,486] INFO in app: Registered blueprint: schedule_bp -> /schedule
[2025-12-09 15:46:11,498] INFO in app: Registered blueprint: admin_bp -> /admin
[2025-12-09 15:46:11,503] INFO in app: Registered blueprint: face_bp -> /face
[2025-12-09 15:46:11,504] INFO in app: Registered blueprint: dashboard_bp -> /dashboard
[2025-12-09 15:56:52,837] INFO in app: OK Logging initialized.
[2025-12-09 15:56:52,885] INFO in app: OK Database tables ensured (Base.metadata.create_all).
[2025-12-09 15:56:52,885] INFO in app: Registered blueprint: auth_bp -> /auth
[2025-12-09 15:56:52,885] INFO in app: Registered blueprint: attendance_bp -> /attendance
[2025-12-09 15:56:52,896] INFO in app: Registered blueprint: branches_bp -> /branches
[2025-12-09 15:56:52,897] INFO in app: Registered blueprint: schedule_bp -> /schedule
[2025-12-09 15:56:52,900] INFO in app: Registered blueprint: admin_bp -> /admin
[2025-12-09 15:56:52,901] INFO in app: Registered blueprint: face_bp -> /face
[2025-12-09 15:56:52,902] INFO in app: Registered blueprint: dashboard_bp -> /dashboard
[2025-12-09 15:56:55,938] INFO in app: OK Logging initialized.
[2025-12-09 15:56:55,983] INFO in app: OK Database tables ensured (Base.metadata.create_all).
[2025-12-09 15:56:55,983] INFO in app: Registered blueprint: auth_bp -> /auth
[2025-12-09 15:56:55,983] INFO in app: Registered blueprint: attendance_bp -> /attendance
[2025-12-09 15:56:55,983] INFO in app: Registered blueprint: branches_bp -> /branches
[2025-12-09 15:56:55,983] INFO in app: Registered blueprint: schedule_bp -> /schedule
[2025-12-09 15:56:55,996] INFO in app: Registered blueprint: admin_bp -> /admin
[2025-12-09 15:56:55,998] INFO in app: Registered blueprint: face_bp -> /face
[2025-12-09 15:56:55,998] INFO in app: Registered blueprint: dashboard_bp -> /dashboard
[2025-12-09 16:08:52,057] INFO in app: OK Logging initialized.
[2025-12-09 16:08:52,091] INFO in app: OK Database tables ensured (Base.metadata.create_all).
[2025-12-09 16:08:52,091] INFO in app: Registered blueprint: auth_bp -> /auth
[2025-12-09 16:08:52,091] INFO in app: Registered blueprint: attendance_bp -> /attendance
[2025-12-09 16:08:52,105] INFO in app: Registered blueprint: schedule_bp -> /schedule
[2025-12-09 16:08:52,108] INFO in app: Registered blueprint: admin_bp -> /admin
[2025-12-09 16:08:52,109] INFO in app: Registered blueprint: face_bp -> /face
[2025-12-09 16:08:52,110] INFO in app: Registered blueprint: dashboard_bp -> /dashboard
[2025-12-09 16:08:55,004] INFO in app: OK Logging initialized.
[2025-12-09 16:08:55,054] INFO in app: OK Database tables ensured (Base.metadata.create_all).
[2025-12-09 16:08:55,054] INFO in app: Registered blueprint: auth_bp -> /auth
[2025-12-09 16:08:55,054] INFO in app: Registered blueprint: attendance_bp -> /attendance
[2025-12-09 16:08:55,059] INFO in app: Registered blueprint: schedule_bp -> /schedule
[2025-12-09 16:08:55,062] INFO in app: Registered blueprint: admin_bp -> /admin
[2025-12-09 16:08:55,064] INFO in app: Registered blueprint: face_bp -> /face
[2025-12-09 16:08:55,064] INFO in app: Registered blueprint: dashboard_bp -> /dashboard
[2025-12-15 14:50:27,608] INFO in app: OK Logging initialized.
[2025-12-15 14:50:27,675] INFO in app: OK Database tables ensured (Base.metadata.create_all).
[2025-12-15 14:50:27,690] INFO in app: Registered blueprint: auth_bp -> /auth
[2025-12-15 14:50:27,690] INFO in app: Registered blueprint: attendance_bp -> /attendance
[2025-12-15 14:50:27,690] INFO in app: Registered blueprint: schedule_bp -> /schedule
[2025-12-15 14:50:27,690] INFO in app: Registered blueprint: admin_bp -> /admin
[2025-12-15 14:50:27,690] INFO in app: Registered blueprint: face_bp -> /face
[2025-12-15 14:50:27,690] INFO in app: Registered blueprint: dashboard_bp -> /dashboard
[2025-12-15 14:50:31,158] INFO in app: OK Logging initialized.
[2025-12-15 14:50:31,209] INFO in app: OK Database tables ensured (Base.metadata.create_all).
[2025-12-15 14:50:31,209] INFO in app: Registered blueprint: auth_bp -> /auth
[2025-12-15 14:50:31,209] INFO in app: Registered blueprint: attendance_bp -> /attendance
[2025-12-15 14:50:31,209] INFO in app: Registered blueprint: schedule_bp -> /schedule
[2025-12-15 14:50:31,218] INFO in app: Registered blueprint: admin_bp -> /admin
[2025-12-15 14:50:31,219] INFO in app: Registered blueprint: face_bp -> /face
[2025-12-15 14:50:31,219] INFO in app: Registered blueprint: dashboard_bp -> /dashboard
[2025-12-15 14:56:01,915] INFO in app: OK Logging initialized.
[2025-12-15 14:56:01,968] INFO in app: OK Database tables ensured (Base.metadata.create_all).
[2025-12-15 14:56:01,970] INFO in app: Registered blueprint: auth_bp -> /auth
[2025-12-15 14:56:01,971] INFO in app: Registered blueprint: attendance_bp -> /attendance
[2025-12-15 14:56:01,973] INFO in app: Registered blueprint: schedule_bp -> /schedule
[2025-12-15 14:56:01,976] INFO in app: Registered blueprint: admin_bp -> /admin
[2025-12-15 14:56:01,977] INFO in app: Registered blueprint: face_bp -> /face
[2025-12-15 14:56:01,978] INFO in app: Registered blueprint: dashboard_bp -> /dashboard
[2025-12-15 14:56:12,470] INFO in app: OK Logging initialized.
[2025-12-15 14:56:12,517] INFO in app: OK Database tables ensured (Base.metadata.create_all).
[2025-12-15 14:56:12,518] INFO in app: Registered blueprint: auth_bp -> /auth
[2025-12-15 14:56:12,519] INFO in app: Registered blueprint: attendance_bp -> /attendance
[2025-12-15 14:56:12,521] INFO in app: Registered blueprint: schedule_bp -> /schedule
[2025-12-15 14:56:12,523] INFO in app: Registered blueprint: admin_bp -> /admin
[2025-12-15 14:56:12,525] INFO in app: Registered blueprint: face_bp -> /face
[2025-12-15 14:56:12,526] INFO in app: Registered blueprint: dashboard_bp -> /dashboard
[2025-12-15 15:02:22,021] INFO in app: OK Logging initialized.
[2025-12-15 15:02:22,089] INFO in app: OK Database tables ensured (Base.metadata.create_all).
[2025-12-15 15:02:22,093] INFO in app: Registered blueprint: auth_bp -> /auth
[2025-12-15 15:02:22,093] INFO in app: Registered blueprint: attendance_bp -> /attendance
[2025-12-15 15:02:22,096] INFO in app: Registered blueprint: schedule_bp -> /schedule
[2025-12-15 15:02:22,098] INFO in app: Registered blueprint: admin_bp -> /admin
[2025-12-15 15:02:22,099] INFO in app: Registered blueprint: face_bp -> /face
[2025-12-15 15:02:22,100] INFO in app: Registered blueprint: dashboard_bp -> /dashboard
[2025-12-15 18:23:42,318] INFO in app: OK Logging initialized.
[2025-12-15 18:23:42,375] INFO in app: OK Database tables ensured (Base.metadata.create_all).
[2025-12-15 18:23:42,375] INFO in app: Registered blueprint: auth_bp -> /auth
[2025-12-15 18:23:42,375] INFO in app: Registered blueprint: attendance_bp -> /attendance
[2025-12-15 18:23:42,375] INFO in app: Registered blueprint: schedule_bp -> /schedule
[2025-12-15 18:23:42,387] INFO in app: Registered blueprint: admin_bp -> /admin
[2025-12-15 18:23:42,387] INFO in app: Registered blueprint: face_bp -> /face
[2025-12-15 18:23:42,387] INFO in app: Registered blueprint: dashboard_bp -> /dashboard
[2025-12-15 18:23:45,437] INFO in app: OK Logging initialized.
[2025-12-15 18:23:45,486] INFO in app: OK Database tables ensured (Base.metadata.create_all).
[2025-12-15 18:23:45,488] INFO in app: Registered blueprint: auth_bp -> /auth
[2025-12-15 18:23:45,489] INFO in app: Registered blueprint: attendance_bp -> /attendance
[2025-12-15 18:23:45,491] INFO in app: Registered blueprint: schedule_bp -> /schedule
[2025-12-15 18:23:45,494] INFO in app: Registered blueprint: admin_bp -> /admin
[2025-12-15 18:23:45,495] INFO in app: Registered blueprint: face_bp -> /face
[2025-12-15 18:23:45,496] INFO in app: Registered blueprint: dashboard_bp -> /dashboard
[2025-12-15 18:24:47,754] INFO in app: OK Logging initialized.
[2025-12-15 18:24:47,797] INFO in app: OK Database tables ensured (Base.metadata.create_all).
[2025-12-15 18:24:47,800] INFO in app: Registered blueprint: auth_bp -> /auth
[2025-12-15 18:24:47,801] INFO in app: Registered blueprint: attendance_bp -> /attendance
[2025-12-15 18:24:47,803] INFO in app: Registered blueprint: schedule_bp -> /schedule
[2025-12-15 18:24:47,806] INFO in app: Registered blueprint: admin_bp -> /admin
[2025-12-15 18:24:47,807] INFO in app: Registered blueprint: face_bp -> /face
[2025-12-15 18:24:47,807] INFO in app: Registered blueprint: dashboard_bp -> /dashboard
[2025-12-15 18:46:18,453] INFO in app: OK Logging initialized.
[2025-12-15 18:46:18,507] INFO in app: OK Database tables ensured (Base.metadata.create_all).
[2025-12-15 18:46:18,509] INFO in app: Registered blueprint: auth_bp -> /auth
[2025-12-15 18:46:18,510] INFO in app: Registered blueprint: attendance_bp -> /attendance
[2025-12-15 18:46:18,511] INFO in app: Registered blueprint: schedule_bp -> /schedule
[2025-12-15 18:46:18,514] INFO in app: Registered blueprint: admin_bp -> /admin
[2025-12-15 18:46:18,515] INFO in app: Registered blueprint: face_bp -> /face
[2025-12-15 18:46:18,516] INFO in app: Registered blueprint: dashboard_bp -> /dashboard
[2025-12-15 18:48:01,462] INFO in app: OK Logging initialized.
[2025-12-15 18:48:01,520] INFO in app: OK Database tables ensured (Base.metadata.create_all).
[2025-12-15 18:48:01,536] INFO in app: Registered blueprint: auth_bp -> /auth
[2025-12-15 18:48:01,537] INFO in app: Registered blueprint: attendance_bp -> /attendance
[2025-12-15 18:48:01,538] INFO in app: Registered blueprint: schedule_bp -> /schedule
[2025-12-15 18:48:01,542] INFO in app: Registered blueprint: admin_bp -> /admin
[2025-12-15 18:48:01,543] INFO in app: Registered blueprint: face_bp -> /face
[2025-12-15 18:48:01,543] INFO in app: Registered blueprint: dashboard_bp -> /dashboard
[2025-12-15 18:59:23,458] INFO in app: OK Logging initialized.
[2025-12-15 18:59:23,493] INFO in app: OK Database tables ensured (Base.metadata.create_all).
[2025-12-15 18:59:23,510] INFO in app: Registered blueprint: auth_bp -> /auth
[2025-12-15 18:59:23,511] INFO in app: Registered blueprint: attendance_bp -> /attendance
[2025-12-15 18:59:23,514] INFO in app: Registered blueprint: schedule_bp -> /schedule
[2025-12-15 18:59:23,518] INFO in app: Registered blueprint: admin_bp -> /admin
[2025-12-15 18:59:23,519] INFO in app: Registered blueprint: face_bp -> /face
[2025-12-15 18:59:23,520] INFO in app: Registered blueprint: dashboard_bp -> /dashboard
[2025-12-15 19:11:45,451] INFO in app: OK Logging initialized.
[2025-12-15 19:11:45,506] INFO in app: OK Database tables ensured (Base.metadata.create_all).
[2025-12-15 19:11:45,506] INFO in app: Registered blueprint: auth_bp -> /auth
[2025-12-15 19:11:45,506] INFO in app: Registered blueprint: attendance_bp -> /attendance
[2025-12-15 19:11:45,506] INFO in app: Registered blueprint: schedule_bp -> /schedule
[2025-12-15 19:11:45,506] INFO in app: Registered blueprint: admin_bp -> /admin
[2025-12-15 19:11:45,506] INFO in app: Registered blueprint: face_bp -> /face
[2025-12-15 19:11:45,515] INFO in app: Registered blueprint: dashboard_bp -> /dashboard
[2025-12-15 19:11:51,743] INFO in app: OK Logging initialized.
[2025-12-15 19:11:51,788] INFO in app: OK Database tables ensured (Base.metadata.create_all).
[2025-12-15 19:11:51,790] INFO in app: Registered blueprint: auth_bp -> /auth
[2025-12-15 19:11:51,791] INFO in app: Registered blueprint: attendance_bp -> /attendance
[2025-12-15 19:11:51,792] INFO in app: Registered blueprint: schedule_bp -> /schedule
[2025-12-15 19:11:51,795] INFO in app: Registered blueprint: admin_bp -> /admin
[2025-12-15 19:11:51,796] INFO in app: Registered blueprint: face_bp -> /face
[2025-12-15 19:11:51,797] INFO in app: Registered blueprint: dashboard_bp -> /dashboard
[2025-12-15 19:12:18,326] INFO in app: OK Logging initialized.
[2025-12-15 19:12:18,382] INFO in app: OK Database tables ensured (Base.metadata.create_all).
[2025-12-15 19:12:18,382] INFO in app: Registered blueprint: auth_bp -> /auth
[2025-12-15 19:12:18,382] INFO in app: Registered blueprint: attendance_bp -> /attendance
[2025-12-15 19:12:18,382] INFO in app: Registered blueprint: schedule_bp -> /schedule
[2025-12-15 19:12:18,392] INFO in app: Registered blueprint: admin_bp -> /admin
[2025-12-15 19:12:18,393] INFO in app: Registered blueprint: face_bp -> /face
[2025-12-15 19:12:18,394] INFO in app: Registered blueprint: dashboard_bp -> /dashboard
[2025-12-15 19:14:46,261] INFO in app: OK Logging initialized.
[2025-12-15 19:14:46,319] INFO in app: OK Database tables ensured (Base.metadata.create_all).
[2025-12-15 19:14:46,319] INFO in app: Registered blueprint: auth_bp -> /auth
[2025-12-15 19:14:46,319] INFO in app: Registered blueprint: attendance_bp -> /attendance
[2025-12-15 19:14:46,319] INFO in app: Registered blueprint: schedule_bp -> /schedule
[2025-12-15 19:14:46,319] INFO in app: Registered blueprint: admin_bp -> /admin
[2025-12-15 19:14:46,319] INFO in app: Registered blueprint: face_bp -> /face
[2025-12-15 19:14:46,328] INFO in app: Registered blueprint: dashboard_bp -> /dashboard
[2025-12-15 19:14:48,409] INFO in app: OK Logging initialized.
[2025-12-15 19:14:48,454] INFO in app: OK Database tables ensured (Base.metadata.create_all).
[2025-12-15 19:14:48,454] INFO in app: Registered blueprint: auth_bp -> /auth
[2025-12-15 19:14:48,454] INFO in app: Registered blueprint: attendance_bp -> /attendance
[2025-12-15 19:14:48,454] INFO in app: Registered blueprint: schedule_bp -> /schedule
[2025-12-15 19:14:48,454] INFO in app: Registered blueprint: admin_bp -> /admin
[2025-12-15 19:14:48,454] INFO in app: Registered blueprint: face_bp -> /face
[2025-12-15 19:14:48,464] INFO in app: Registered blueprint: dashboard_bp -> /dashboard
[2026-01-12 08:52:09,733] INFO in app: OK Logging initialized.
[2026-01-12 08:52:09,848] INFO in app: OK Database tables ensured (Base.metadata.create_all).
[2026-01-12 08:52:09,848] INFO in app: Registered blueprint: auth_bp -> /auth
[2026-01-12 08:52:09,848] INFO in app: Registered blueprint: attendance_bp -> /attendance
[2026-01-12 08:52:09,848] INFO in app: Registered blueprint: schedule_bp -> /schedule
[2026-01-12 08:52:09,864] INFO in app: Registered blueprint: admin_bp -> /admin
[2026-01-12 08:52:09,864] INFO in app: Registered blueprint: face_bp -> /face
[2026-01-12 08:52:09,864] INFO in app: Registered blueprint: dashboard_bp -> /dashboard
[2026-01-12 08:52:12,100] INFO in app: OK Logging initialized.
[2026-01-12 08:52:12,135] INFO in app: OK Database tables ensured (Base.metadata.create_all).
[2026-01-12 08:52:12,135] INFO in app: Registered blueprint: auth_bp -> /auth
[2026-01-12 08:52:12,149] INFO in app: Registered blueprint: attendance_bp -> /attendance
[2026-01-12 08:52:12,150] INFO in app: Registered blueprint: schedule_bp -> /schedule
[2026-01-12 08:52:12,153] INFO in app: Registered blueprint: admin_bp -> /admin
[2026-01-12 08:52:12,155] INFO in app: Registered blueprint: face_bp -> /face
[2026-01-12 08:52:12,155] INFO in app: Registered blueprint: dashboard_bp -> /dashboard
[2026-01-12 08:53:25,756] INFO in app: OK Logging initialized.
[2026-01-12 08:53:25,806] INFO in app: OK Database tables ensured (Base.metadata.create_all).
[2026-01-12 08:53:25,806] INFO in app: Registered blueprint: auth_bp -> /auth
[2026-01-12 08:53:25,806] INFO in app: Registered blueprint: attendance_bp -> /attendance
[2026-01-12 08:53:25,806] INFO in app: Registered blueprint: schedule_bp -> /schedule
[2026-01-12 08:53:25,806] INFO in app: Registered blueprint: admin_bp -> /admin
[2026-01-12 08:53:25,821] INFO in app: Registered blueprint: face_bp -> /face
[2026-01-12 08:53:25,821] INFO in app: Registered blueprint: dashboard_bp -> /dashboard
[2026-01-12 08:53:27,770] INFO in app: OK Logging initialized.
[2026-01-12 08:53:27,791] INFO in app: OK Database tables ensured (Base.metadata.create_all).
[2026-01-12 08:53:27,806] INFO in app: Registered blueprint: auth_bp -> /auth
[2026-01-12 08:53:27,808] INFO in app: Registered blueprint: attendance_bp -> /attendance
[2026-01-12 08:53:27,809] INFO in app: Registered blueprint: schedule_bp -> /schedule
[2026-01-12 08:53:27,814] INFO in app: Registered blueprint: admin_bp -> /admin
[2026-01-12 08:53:27,814] INFO in app: Registered blueprint: face_bp -> /face
[2026-01-12 08:53:27,815] INFO in app: Registered blueprint: dashboard_bp -> /dashboard
[2026-01-27 09:55:58,226] INFO in app: OK Logging initialized.
[2026-01-27 09:55:58,399] INFO in app: OK Database tables ensured (Base.metadata.create_all).
[2026-01-27 09:55:58,399] INFO in app: Registered blueprint: auth_bp -> /auth
[2026-01-27 09:55:58,415] INFO in app: Registered blueprint: attendance_bp -> /attendance
[2026-01-27 09:55:58,415] INFO in app: Registered blueprint: schedule_bp -> /schedule
[2026-01-27 09:55:58,415] INFO in app: Registered blueprint: admin_bp -> /admin
[2026-01-27 09:55:58,415] INFO in app: Registered blueprint: face_bp -> /face
[2026-01-27 09:55:58,421] INFO in app: Registered blueprint: dashboard_bp -> /dashboard
[2026-01-27 09:56:00,878] INFO in app: OK Logging initialized.
[2026-01-27 09:56:00,933] INFO in app: OK Database tables ensured (Base.metadata.create_all).
[2026-01-27 09:56:00,933] INFO in app: Registered blueprint: auth_bp -> /auth
[2026-01-27 09:56:00,933] INFO in app: Registered blueprint: attendance_bp -> /attendance
[2026-01-27 09:56:00,933] INFO in app: Registered blueprint: schedule_bp -> /schedule
[2026-01-27 09:56:00,947] INFO in app: Registered blueprint: admin_bp -> /admin
[2026-01-27 09:56:00,947] INFO in app: Registered blueprint: face_bp -> /face
[2026-01-27 09:56:00,947] INFO in app: Registered blueprint: dashboard_bp -> /dashboard
[2026-01-27 09:57:04,488] INFO in app: OK Logging initialized.
[2026-01-27 09:57:04,550] INFO in app: OK Database tables ensured (Base.metadata.create_all).
[2026-01-27 09:57:04,550] INFO in app: Registered blueprint: auth_bp -> /auth
[2026-01-27 09:57:04,550] INFO in app: Registered blueprint: attendance_bp -> /attendance
[2026-01-27 09:57:04,550] INFO in app: Registered blueprint: schedule_bp -> /schedule
[2026-01-27 09:57:04,559] INFO in app: Registered blueprint: admin_bp -> /admin
[2026-01-27 09:57:04,559] INFO in app: Registered blueprint: face_bp -> /face
[2026-01-27 09:57:04,559] INFO in app: Registered blueprint: dashboard_bp -> /dashboard
[2026-01-27 09:57:06,950] INFO in app: OK Logging initialized.
[2026-01-27 09:57:07,008] INFO in app: OK Database tables ensured (Base.metadata.create_all).
[2026-01-27 09:57:07,008] INFO in app: Registered blueprint: auth_bp -> /auth
[2026-01-27 09:57:07,008] INFO in app: Registered blueprint: attendance_bp -> /attendance
[2026-01-27 09:57:07,008] INFO in app: Registered blueprint: schedule_bp -> /schedule
[2026-01-27 09:57:07,008] INFO in app: Registered blueprint: admin_bp -> /admin
[2026-01-27 09:57:07,008] INFO in app: Registered blueprint: face_bp -> /face
[2026-01-27 09:57:07,019] INFO in app: Registered blueprint: dashboard_bp -> /dashboard
[2026-02-09 13:51:59,380] INFO in app: OK Logging initialized.
[2026-02-09 13:51:59,530] INFO in app: OK Database tables ensured (Base.metadata.create_all).
[2026-02-09 13:51:59,530] INFO in app: Registered blueprint: auth_bp -> /auth
[2026-02-09 13:51:59,530] INFO in app: Registered blueprint: attendance_bp -> /attendance
[2026-02-09 13:51:59,530] INFO in app: Registered blueprint: schedule_bp -> /schedule
[2026-02-09 13:51:59,530] INFO in app: Registered blueprint: admin_bp -> /admin
[2026-02-09 13:51:59,543] INFO in app: Registered blueprint: face_bp -> /face
[2026-02-09 13:51:59,544] INFO in app: Registered blueprint: dashboard_bp -> /dashboard
[2026-02-09 13:52:01,706] INFO in app: OK Logging initialized.
[2026-02-09 13:52:01,759] INFO in app: OK Database tables ensured (Base.metadata.create_all).
[2026-02-09 13:52:01,759] INFO in app: Registered blueprint: auth_bp -> /auth
[2026-02-09 13:52:01,759] INFO in app: Registered blueprint: attendance_bp -> /attendance
[2026-02-09 13:52:01,759] INFO in app: Registered blueprint: schedule_bp -> /schedule
[2026-02-09 13:52:01,759] INFO in app: Registered blueprint: admin_bp -> /admin
[2026-02-09 13:52:01,759] INFO in app: Registered blueprint: face_bp -> /face
[2026-02-09 13:52:01,772] INFO in app: Registered blueprint: dashboard_bp -> /dashboard
[2026-02-17 16:39:54,987] INFO in app: OK Logging initialized.
[2026-02-17 16:39:55,214] INFO in app: OK Database tables ensured (Base.metadata.create_all).
[2026-02-17 16:39:55,217] INFO in app: Registered blueprint: auth_bp -> /auth
[2026-02-17 16:39:55,218] INFO in app: Registered blueprint: attendance_bp -> /attendance
[2026-02-17 16:39:55,221] INFO in app: Registered blueprint: schedule_bp -> /schedule
[2026-02-17 16:39:55,228] INFO in app: Registered blueprint: admin_bp -> /admin
[2026-02-17 16:39:55,229] INFO in app: Registered blueprint: face_bp -> /face
[2026-02-17 16:39:55,230] INFO in app: Registered blueprint: dashboard_bp -> /dashboard
[2026-02-17 16:39:58,921] INFO in app: OK Logging initialized.
[2026-02-17 16:39:58,994] INFO in app: OK Database tables ensured (Base.metadata.create_all).
[2026-02-17 16:39:58,999] INFO in app: Registered blueprint: auth_bp -> /auth
[2026-02-17 16:39:58,999] INFO in app: Registered blueprint: attendance_bp -> /attendance
[2026-02-17 16:39:59,004] INFO in app: Registered blueprint: schedule_bp -> /schedule
[2026-02-17 16:39:59,010] INFO in app: Registered blueprint: admin_bp -> /admin
[2026-02-17 16:39:59,011] INFO in app: Registered blueprint: face_bp -> /face
[2026-02-17 16:39:59,012] INFO in app: Registered blueprint: dashboard_bp -> /dashboard
[2026-02-17 16:41:57,647] INFO in app: OK Logging initialized.
[2026-02-17 16:41:57,721] INFO in app: OK Database tables ensured (Base.metadata.create_all).
[2026-02-17 16:41:57,724] INFO in app: Registered blueprint: auth_bp -> /auth
[2026-02-17 16:41:57,725] INFO in app: Registered blueprint: attendance_bp -> /attendance
[2026-02-17 16:41:57,727] INFO in app: Registered blueprint: schedule_bp -> /schedule
[2026-02-17 16:41:57,731] INFO in app: Registered blueprint: admin_bp -> /admin
[2026-02-17 16:41:57,733] INFO in app: Registered blueprint: face_bp -> /face
[2026-02-17 16:41:57,734] INFO in app: Registered blueprint: dashboard_bp -> /dashboard
[2026-02-21 11:19:42,248] INFO in app: OK Logging initialized.
[2026-02-21 11:19:42,438] INFO in app: OK Database tables ensured (Base.metadata.create_all).
[2026-02-21 11:19:42,442] INFO in app: Registered blueprint: auth_bp -> /auth
[2026-02-21 11:19:42,443] INFO in app: Registered blueprint: attendance_bp -> /attendance
[2026-02-21 11:19:42,447] INFO in app: Registered blueprint: schedule_bp -> /schedule
[2026-02-21 11:19:42,456] INFO in app: Registered blueprint: admin_bp -> /admin
[2026-02-21 11:19:42,458] INFO in app: Registered blueprint: face_bp -> /face
[2026-02-21 11:19:42,459] INFO in app: Registered blueprint: dashboard_bp -> /dashboard
[2026-02-21 11:19:46,376] INFO in app: OK Logging initialized.
[2026-02-21 11:19:46,430] INFO in app: OK Database tables ensured (Base.metadata.create_all).
[2026-02-21 11:19:46,432] INFO in app: Registered blueprint: auth_bp -> /auth
[2026-02-21 11:19:46,433] INFO in app: Registered blueprint: attendance_bp -> /attendance
[2026-02-21 11:19:46,435] INFO in app: Registered blueprint: schedule_bp -> /schedule
[2026-02-21 11:19:46,440] INFO in app: Registered blueprint: admin_bp -> /admin
[2026-02-21 11:19:46,441] INFO in app: Registered blueprint: face_bp -> /face
[2026-02-21 11:19:46,441] INFO in app: Registered blueprint: dashboard_bp -> /dashboard
[2026-02-21 12:17:53,785] INFO in app: OK Logging initialized.
[2026-02-21 12:17:53,840] INFO in app: OK Database tables ensured (Base.metadata.create_all).
[2026-02-21 12:17:53,842] INFO in app: Registered blueprint: auth_bp -> /auth
[2026-02-21 12:17:53,842] INFO in app: Registered blueprint: attendance_bp -> /attendance
[2026-02-21 12:17:53,844] INFO in app: Registered blueprint: schedule_bp -> /schedule
[2026-02-21 12:17:53,848] INFO in app: Registered blueprint: admin_bp -> /admin
[2026-02-21 12:17:53,849] INFO in app: Registered blueprint: face_bp -> /face
[2026-02-21 12:17:53,850] INFO in app: Registered blueprint: dashboard_bp -> /dashboard
[2026-02-21 12:17:55,811] INFO in app: OK Logging initialized.
[2026-02-21 12:17:55,869] INFO in app: OK Database tables ensured (Base.metadata.create_all).
[2026-02-21 12:17:55,871] INFO in app: Registered blueprint: auth_bp -> /auth
[2026-02-21 12:17:55,871] INFO in app: Registered blueprint: attendance_bp -> /attendance
[2026-02-21 12:17:55,873] INFO in app: Registered blueprint: schedule_bp -> /schedule
[2026-02-21 12:17:55,876] INFO in app: Registered blueprint: admin_bp -> /admin
[2026-02-21 12:17:55,877] INFO in app: Registered blueprint: face_bp -> /face
[2026-02-21 12:17:55,878] INFO in app: Registered blueprint: dashboard_bp -> /dashboard
[2026-02-23 12:30:23,526] INFO in app: OK Logging initialized.
[2026-02-23 12:30:23,676] INFO in app: OK Database tables ensured (Base.metadata.create_all).
[2026-02-23 12:30:23,676] INFO in app: Registered blueprint: auth_bp -> /auth
[2026-02-23 12:30:23,676] INFO in app: Registered blueprint: attendance_bp -> /attendance
[2026-02-23 12:30:23,676] INFO in app: Registered blueprint: schedule_bp -> /schedule
[2026-02-23 12:30:23,693] INFO in app: Registered blueprint: admin_bp -> /admin
[2026-02-23 12:30:23,694] INFO in app: Registered blueprint: face_bp -> /face
[2026-02-23 12:30:23,695] INFO in app: Registered blueprint: dashboard_bp -> /dashboard
[2026-02-23 12:30:26,117] INFO in app: OK Logging initialized.
[2026-02-23 12:30:26,173] INFO in app: OK Database tables ensured (Base.metadata.create_all).
[2026-02-23 12:30:26,173] INFO in app: Registered blueprint: auth_bp -> /auth
[2026-02-23 12:30:26,173] INFO in app: Registered blueprint: attendance_bp -> /attendance
[2026-02-23 12:30:26,173] INFO in app: Registered blueprint: schedule_bp -> /schedule
[2026-02-23 12:30:26,179] INFO in app: Registered blueprint: admin_bp -> /admin
[2026-02-23 12:30:26,180] INFO in app: Registered blueprint: face_bp -> /face
[2026-02-23 12:30:26,181] INFO in app: Registered blueprint: dashboard_bp -> /dashboard
[2026-02-23 12:39:15,187] INFO in app: OK Logging initialized.
[2026-02-23 12:39:15,242] INFO in app: OK Database tables ensured (Base.metadata.create_all).
[2026-02-23 12:39:15,242] INFO in app: Registered blueprint: auth_bp -> /auth
[2026-02-23 12:39:15,242] INFO in app: Registered blueprint: attendance_bp -> /attendance
[2026-02-23 12:39:15,242] INFO in app: Registered blueprint: schedule_bp -> /schedule
[2026-02-23 12:39:15,254] INFO in app: Registered blueprint: admin_bp -> /admin
[2026-02-23 12:39:15,255] INFO in app: Registered blueprint: face_bp -> /face
[2026-02-23 12:39:15,256] INFO in app: Registered blueprint: dashboard_bp -> /dashboard
[2026-02-23 12:39:17,573] INFO in app: OK Logging initialized.
[2026-02-23 12:39:17,624] INFO in app: OK Database tables ensured (Base.metadata.create_all).
[2026-02-23 12:39:17,624] INFO in app: Registered blueprint: auth_bp -> /auth
[2026-02-23 12:39:17,624] INFO in app: Registered blueprint: attendance_bp -> /attendance
[2026-02-23 12:39:17,637] INFO in app: Registered blueprint: schedule_bp -> /schedule
[2026-02-23 12:39:17,640] INFO in app: Registered blueprint: admin_bp -> /admin
[2026-02-23 12:39:17,641] INFO in app: Registered blueprint: face_bp -> /face
[2026-02-23 12:39:17,641] INFO in app: Registered blueprint: dashboard_bp -> /dashboard
[2026-02-23 13:10:20,968] INFO in app: OK Logging initialized.
[2026-02-23 13:10:21,036] INFO in app: OK Database tables ensured (Base.metadata.create_all).
[2026-02-23 13:10:21,036] INFO in app: Registered blueprint: auth_bp -> /auth
[2026-02-23 13:10:21,036] INFO in app: Registered blueprint: attendance_bp -> /attendance
[2026-02-23 13:10:21,036] INFO in app: Registered blueprint: schedule_bp -> /schedule
[2026-02-23 13:10:21,052] INFO in app: Registered blueprint: admin_bp -> /admin
[2026-02-23 13:10:21,053] INFO in app: Registered blueprint: face_bp -> /face
[2026-02-23 13:10:21,054] INFO in app: Registered blueprint: dashboard_bp -> /dashboard
[2026-02-23 13:10:23,398] INFO in app: OK Logging initialized.
[2026-02-23 13:10:23,460] INFO in app: OK Database tables ensured (Base.metadata.create_all).
[2026-02-23 13:10:23,462] INFO in app: Registered blueprint: auth_bp -> /auth
[2026-02-23 13:10:23,463] INFO in app: Registered blueprint: attendance_bp -> /attendance
[2026-02-23 13:10:23,465] INFO in app: Registered blueprint: schedule_bp -> /schedule
[2026-02-23 13:10:23,468] INFO in app: Registered blueprint: admin_bp -> /admin
[2026-02-23 13:10:23,469] INFO in app: Registered blueprint: face_bp -> /face
[2026-02-23 13:10:23,470] INFO in app: Registered blueprint: dashboard_bp -> /dashboard
[2026-02-23 13:17:19,441] INFO in app: OK Logging initialized.
[2026-02-23 13:17:19,508] INFO in app: OK Database tables ensured (Base.metadata.create_all).
[2026-02-23 13:17:19,508] INFO in app: Registered blueprint: auth_bp -> /auth
[2026-02-23 13:17:19,508] INFO in app: Registered blueprint: attendance_bp -> /attendance
[2026-02-23 13:17:19,508] INFO in app: Registered blueprint: schedule_bp -> /schedule
[2026-02-23 13:17:19,519] INFO in app: Registered blueprint: admin_bp -> /admin
[2026-02-23 13:17:19,520] INFO in app: Registered blueprint: face_bp -> /face
[2026-02-23 13:17:19,521] INFO in app: Registered blueprint: dashboard_bp -> /dashboard
[2026-02-23 13:17:22,119] INFO in app: OK Logging initialized.
[2026-02-23 13:17:22,181] INFO in app: OK Database tables ensured (Base.metadata.create_all).
[2026-02-23 13:17:22,185] INFO in app: Registered blueprint: auth_bp -> /auth
[2026-02-23 13:17:22,186] INFO in app: Registered blueprint: attendance_bp -> /attendance
[2026-02-23 13:17:22,188] INFO in app: Registered blueprint: schedule_bp -> /schedule
[2026-02-23 13:17:22,193] INFO in app: Registered blueprint: admin_bp -> /admin
[2026-02-23 13:17:22,194] INFO in app: Registered blueprint: face_bp -> /face
[2026-02-23 13:17:22,195] INFO in app: Registered blueprint: dashboard_bp -> /dashboard
[2026-02-23 13:18:34,329] INFO in app: OK Logging initialized.
[2026-02-23 13:18:34,366] INFO in app: OK Database tables ensured (Base.metadata.create_all).
[2026-02-23 13:18:34,382] INFO in app: Registered blueprint: auth_bp -> /auth
[2026-02-23 13:18:34,383] INFO in app: Registered blueprint: attendance_bp -> /attendance
[2026-02-23 13:18:34,385] INFO in app: Registered blueprint: schedule_bp -> /schedule
[2026-02-23 13:18:34,388] INFO in app: Registered blueprint: admin_bp -> /admin
[2026-02-23 13:18:34,389] INFO in app: Registered blueprint: face_bp -> /face
[2026-02-23 13:18:34,389] INFO in app: Registered blueprint: dashboard_bp -> /dashboard
[2026-02-23 13:19:03,396] INFO in app: OK Logging initialized.
[2026-02-23 13:19:03,452] INFO in app: OK Database tables ensured (Base.metadata.create_all).
[2026-02-23 13:19:03,455] INFO in app: Registered blueprint: auth_bp -> /auth
[2026-02-23 13:19:03,456] INFO in app: Registered blueprint: attendance_bp -> /attendance
[2026-02-23 13:19:03,459] INFO in app: Registered blueprint: schedule_bp -> /schedule
[2026-02-23 13:19:03,467] INFO in app: Registered blueprint: admin_bp -> /admin
[2026-02-23 13:19:03,469] INFO in app: Registered blueprint: face_bp -> /face
[2026-02-23 13:19:03,470] INFO in app: Registered blueprint: dashboard_bp -> /dashboard
[2026-02-23 13:24:37,833] INFO in app: OK Logging initialized.
[2026-02-23 13:24:37,904] INFO in app: OK Database tables ensured (Base.metadata.create_all).
[2026-02-23 13:24:37,906] INFO in app: Registered blueprint: auth_bp -> /auth
[2026-02-23 13:24:37,907] INFO in app: Registered blueprint: attendance_bp -> /attendance
[2026-02-23 13:24:37,908] INFO in app: Registered blueprint: schedule_bp -> /schedule
[2026-02-23 13:24:37,912] INFO in app: Registered blueprint: admin_bp -> /admin
[2026-02-23 13:24:37,913] INFO in app: Registered blueprint: face_bp -> /face
[2026-02-23 13:24:37,914] INFO in app: Registered blueprint: dashboard_bp -> /dashboard
[2026-02-23 13:25:52,250] INFO in app: OK Logging initialized.
[2026-02-23 13:25:52,306] INFO in app: OK Database tables ensured (Base.metadata.create_all).
[2026-02-23 13:25:52,308] INFO in app: Registered blueprint: auth_bp -> /auth
[2026-02-23 13:25:52,309] INFO in app: Registered blueprint: attendance_bp -> /attendance
[2026-02-23 13:25:52,311] INFO in app: Registered blueprint: schedule_bp -> /schedule
[2026-02-23 13:25:52,315] INFO in app: Registered blueprint: admin_bp -> /admin
[2026-02-23 13:25:52,315] INFO in app: Registered blueprint: face_bp -> /face
[2026-02-23 13:25:52,316] INFO in app: Registered blueprint: dashboard_bp -> /dashboard
[2026-02-24 20:26:04,447] INFO in app: OK Logging initialized.
[2026-02-24 20:26:04,540] INFO in app: OK Database tables ensured (Base.metadata.create_all).
[2026-02-24 20:26:04,541] INFO in app: Registered blueprint: auth_bp -> /auth
[2026-02-24 20:26:04,542] INFO in app: Registered blueprint: attendance_bp -> /attendance
[2026-02-24 20:26:04,543] INFO in app: Registered blueprint: schedule_bp -> /schedule
[2026-02-24 20:26:04,546] INFO in app: Registered blueprint: admin_bp -> /admin
[2026-02-24 20:26:04,548] INFO in app: Registered blueprint: face_bp -> /face
[2026-02-24 20:26:04,548] INFO in app: Registered blueprint: dashboard_bp -> /dashboard
[2026-02-24 20:26:06,802] INFO in app: OK Logging initialized.
[2026-02-24 20:26:06,842] INFO in app: OK Database tables ensured (Base.metadata.create_all).
[2026-02-24 20:26:06,844] INFO in app: Registered blueprint: auth_bp -> /auth
[2026-02-24 20:26:06,845] INFO in app: Registered blueprint: attendance_bp -> /attendance
[2026-02-24 20:26:06,847] INFO in app: Registered blueprint: schedule_bp -> /schedule
[2026-02-24 20:26:06,849] INFO in app: Registered blueprint: admin_bp -> /admin
[2026-02-24 20:26:06,850] INFO in app: Registered blueprint: face_bp -> /face
[2026-02-24 20:26:06,851] INFO in app: Registered blueprint: dashboard_bp -> /dashboard
[2026-02-24 20:44:38,391] INFO in app: OK Logging initialized.
[2026-02-24 20:44:38,437] INFO in app: OK Database tables ensured (Base.metadata.create_all).
[2026-02-24 20:44:38,437] INFO in app: Registered blueprint: auth_bp -> /auth
[2026-02-24 20:44:38,446] INFO in app: Registered blueprint: attendance_bp -> /attendance
[2026-02-24 20:44:38,448] INFO in app: Registered blueprint: schedule_bp -> /schedule
[2026-02-24 20:44:38,453] INFO in app: Registered blueprint: admin_bp -> /admin
[2026-02-24 20:44:38,454] INFO in app: Registered blueprint: face_bp -> /face
[2026-02-24 20:44:38,454] INFO in app: Registered blueprint: dashboard_bp -> /dashboard
[2026-02-24 20:44:40,714] INFO in app: OK Logging initialized.
[2026-02-24 20:44:40,770] INFO in app: OK Database tables ensured (Base.metadata.create_all).
[2026-02-24 20:44:40,771] INFO in app: Registered blueprint: auth_bp -> /auth
[2026-02-24 20:44:40,772] INFO in app: Registered blueprint: attendance_bp -> /attendance
[2026-02-24 20:44:40,773] INFO in app: Registered blueprint: schedule_bp -> /schedule
[2026-02-24 20:44:40,776] INFO in app: Registered blueprint: admin_bp -> /admin
[2026-02-24 20:44:40,777] INFO in app: Registered blueprint: face_bp -> /face
[2026-02-24 20:44:40,778] INFO in app: Registered blueprint: dashboard_bp -> /dashboard
[2026-02-24 20:55:06,770] INFO in app: OK Logging initialized.
[2026-02-24 20:55:06,827] INFO in app: OK Database tables ensured (Base.metadata.create_all).
[2026-02-24 20:55:06,830] INFO in app: Registered blueprint: auth_bp -> /auth
[2026-02-24 20:55:06,831] INFO in app: Registered blueprint: attendance_bp -> /attendance
[2026-02-24 20:55:06,834] INFO in app: Registered blueprint: schedule_bp -> /schedule
[2026-02-24 20:55:06,839] INFO in app: Registered blueprint: admin_bp -> /admin
[2026-02-24 20:55:06,840] INFO in app: Registered blueprint: face_bp -> /face
[2026-02-24 20:55:06,841] INFO in app: Registered blueprint: dashboard_bp -> /dashboard
[2026-02-24 20:55:08,887] INFO in app: OK Logging initialized.
[2026-02-24 20:55:08,933] INFO in app: OK Database tables ensured (Base.metadata.create_all).
[2026-02-24 20:55:08,934] INFO in app: Registered blueprint: auth_bp -> /auth
[2026-02-24 20:55:08,935] INFO in app: Registered blueprint: attendance_bp -> /attendance
[2026-02-24 20:55:08,936] INFO in app: Registered blueprint: schedule_bp -> /schedule
[2026-02-24 20:55:08,938] INFO in app: Registered blueprint: admin_bp -> /admin
[2026-02-24 20:55:08,939] INFO in app: Registered blueprint: face_bp -> /face
[2026-02-24 20:55:08,940] INFO in app: Registered blueprint: dashboard_bp -> /dashboard
[2026-02-24 21:00:07,025] INFO in app: OK Logging initialized.
[2026-02-24 21:00:07,071] INFO in app: OK Database tables ensured (Base.metadata.create_all).
[2026-02-24 21:00:07,074] INFO in app: Registered blueprint: auth_bp -> /auth
[2026-02-24 21:00:07,074] INFO in app: Registered blueprint: attendance_bp -> /attendance
[2026-02-24 21:00:07,076] INFO in app: Registered blueprint: schedule_bp -> /schedule
[2026-02-24 21:00:07,078] INFO in app: Registered blueprint: admin_bp -> /admin
[2026-02-24 21:00:07,079] INFO in app: Registered blueprint: face_bp -> /face
[2026-02-24 21:00:07,080] INFO in app: Registered blueprint: dashboard_bp -> /dashboard
[2026-02-24 21:00:55,642] INFO in app: OK Logging initialized.
[2026-02-24 21:00:55,687] INFO in app: OK Database tables ensured (Base.metadata.create_all).
[2026-02-24 21:00:55,689] INFO in app: Registered blueprint: auth_bp -> /auth
[2026-02-24 21:00:55,689] INFO in app: Registered blueprint: attendance_bp -> /attendance
[2026-02-24 21:00:55,690] INFO in app: Registered blueprint: schedule_bp -> /schedule
[2026-02-24 21:00:55,694] INFO in app: Registered blueprint: admin_bp -> /admin
[2026-02-24 21:00:55,695] INFO in app: Registered blueprint: face_bp -> /face
[2026-02-24 21:00:55,695] INFO in app: Registered blueprint: dashboard_bp -> /dashboard
[2026-02-24 21:00:57,753] INFO in app: OK Logging initialized.
[2026-02-24 21:00:57,795] INFO in app: OK Database tables ensured (Base.metadata.create_all).
[2026-02-24 21:00:57,796] INFO in app: Registered blueprint: auth_bp -> /auth
[2026-02-24 21:00:57,797] INFO in app: Registered blueprint: attendance_bp -> /attendance
[2026-02-24 21:00:57,798] INFO in app: Registered blueprint: schedule_bp -> /schedule
[2026-02-24 21:00:57,802] INFO in app: Registered blueprint: admin_bp -> /admin
[2026-02-24 21:00:57,802] INFO in app: Registered blueprint: face_bp -> /face
[2026-02-24 21:00:57,803] INFO in app: Registered blueprint: dashboard_bp -> /dashboard
[2026-02-25 06:15:21,670] INFO in app: OK Logging initialized.
[2026-02-25 06:15:21,801] INFO in app: OK Database tables ensured (Base.metadata.create_all).
[2026-02-25 06:15:21,804] INFO in app: Registered blueprint: auth_bp -> /auth
[2026-02-25 06:15:21,805] INFO in app: Registered blueprint: attendance_bp -> /attendance
[2026-02-25 06:15:21,806] INFO in app: Registered blueprint: schedule_bp -> /schedule
[2026-02-25 06:15:21,811] INFO in app: Registered blueprint: admin_bp -> /admin
[2026-02-25 06:15:21,812] INFO in app: Registered blueprint: face_bp -> /face
[2026-02-25 06:15:21,813] INFO in app: Registered blueprint: dashboard_bp -> /dashboard
[2026-02-25 06:15:24,855] INFO in app: OK Logging initialized.
[2026-02-25 06:15:24,920] INFO in app: OK Database tables ensured (Base.metadata.create_all).
[2026-02-25 06:15:24,922] INFO in app: Registered blueprint: auth_bp -> /auth
[2026-02-25 06:15:24,923] INFO in app: Registered blueprint: attendance_bp -> /attendance
[2026-02-25 06:15:24,925] INFO in app: Registered blueprint: schedule_bp -> /schedule
[2026-02-25 06:15:24,931] INFO in app: Registered blueprint: admin_bp -> /admin
[2026-02-25 06:15:24,932] INFO in app: Registered blueprint: face_bp -> /face
[2026-02-25 06:15:24,934] INFO in app: Registered blueprint: dashboard_bp -> /dashboard
[2026-02-25 07:46:54,774] INFO in app: OK Logging initialized.
[2026-02-25 07:46:54,905] INFO in app: OK Database tables ensured (Base.metadata.create_all).
[2026-02-25 07:46:54,905] INFO in app: Registered blueprint: auth_bp -> /auth
[2026-02-25 07:46:54,905] INFO in app: Registered blueprint: attendance_bp -> /attendance
[2026-02-25 07:46:54,914] INFO in app: Registered blueprint: schedule_bp -> /schedule
[2026-02-25 07:46:54,920] INFO in app: Registered blueprint: admin_bp -> /admin
[2026-02-25 07:46:54,921] INFO in app: Registered blueprint: face_bp -> /face
[2026-02-25 07:46:54,922] INFO in app: Registered blueprint: dashboard_bp -> /dashboard
[2026-02-25 07:46:58,332] INFO in app: OK Logging initialized.
[2026-02-25 07:46:58,390] INFO in app: OK Database tables ensured (Base.metadata.create_all).
[2026-02-25 07:46:58,392] INFO in app: Registered blueprint: auth_bp -> /auth
[2026-02-25 07:46:58,393] INFO in app: Registered blueprint: attendance_bp -> /attendance
[2026-02-25 07:46:58,396] INFO in app: Registered blueprint: schedule_bp -> /schedule
[2026-02-25 07:46:58,400] INFO in app: Registered blueprint: admin_bp -> /admin
[2026-02-25 07:46:58,401] INFO in app: Registered blueprint: face_bp -> /face
[2026-02-25 07:46:58,402] INFO in app: Registered blueprint: dashboard_bp -> /dashboard
[2026-02-25 08:07:56,992] INFO in app: OK Logging initialized.
[2026-02-25 08:07:57,056] INFO in app: OK Database tables ensured (Base.metadata.create_all).
[2026-02-25 08:07:57,056] INFO in app: Registered blueprint: auth_bp -> /auth
[2026-02-25 08:07:57,056] INFO in app: Registered blueprint: attendance_bp -> /attendance
[2026-02-25 08:07:57,056] INFO in app: Registered blueprint: schedule_bp -> /schedule
[2026-02-25 08:07:57,073] INFO in app: Registered blueprint: admin_bp -> /admin
[2026-02-25 08:07:57,073] INFO in app: Registered blueprint: face_bp -> /face
[2026-02-25 08:07:57,073] INFO in app: Registered blueprint: dashboard_bp -> /dashboard
[2026-02-25 08:08:00,248] INFO in app: OK Logging initialized.
[2026-02-25 08:08:00,319] INFO in app: OK Database tables ensured (Base.metadata.create_all).
[2026-02-25 08:08:00,319] INFO in app: Registered blueprint: auth_bp -> /auth
[2026-02-25 08:08:00,319] INFO in app: Registered blueprint: attendance_bp -> /attendance
[2026-02-25 08:08:00,331] INFO in app: Registered blueprint: schedule_bp -> /schedule
[2026-02-25 08:08:00,337] INFO in app: Registered blueprint: admin_bp -> /admin
[2026-02-25 08:08:00,339] INFO in app: Registered blueprint: face_bp -> /face
[2026-02-25 08:08:00,340] INFO in app: Registered blueprint: dashboard_bp -> /dashboard
[2026-02-25 17:35:22,419] INFO in app: OK Logging initialized.
[2026-02-25 17:35:22,538] INFO in app: OK Database tables ensured (Base.metadata.create_all).
[2026-02-25 17:35:22,541] INFO in app: Registered blueprint: auth_bp -> /auth
[2026-02-25 17:35:22,542] INFO in app: Registered blueprint: attendance_bp -> /attendance
[2026-02-25 17:35:22,544] INFO in app: Registered blueprint: schedule_bp -> /schedule
[2026-02-25 17:35:22,548] INFO in app: Registered blueprint: admin_bp -> /admin
[2026-02-25 17:35:22,549] INFO in app: Registered blueprint: face_bp -> /face
[2026-02-25 17:35:22,549] INFO in app: Registered blueprint: dashboard_bp -> /dashboard
[2026-02-25 17:35:25,609] INFO in app: OK Logging initialized.
[2026-02-25 17:35:25,719] INFO in app: OK Database tables ensured (Base.metadata.create_all).
[2026-02-25 17:35:25,722] INFO in app: Registered blueprint: auth_bp -> /auth
[2026-02-25 17:35:25,723] INFO in app: Registered blueprint: attendance_bp -> /attendance
[2026-02-25 17:35:25,725] INFO in app: Registered blueprint: schedule_bp -> /schedule
[2026-02-25 17:35:25,729] INFO in app: Registered blueprint: admin_bp -> /admin
[2026-02-25 17:35:25,731] INFO in app: Registered blueprint: face_bp -> /face
[2026-02-25 17:35:25,732] INFO in app: Registered blueprint: dashboard_bp -> /dashboard
[2026-02-25 17:59:37,122] INFO in app: OK Logging initialized.
[2026-02-25 17:59:37,206] INFO in app: OK Database tables ensured (Base.metadata.create_all).
[2026-02-25 17:59:37,208] INFO in app: Registered blueprint: auth_bp -> /auth
[2026-02-25 17:59:37,209] INFO in app: Registered blueprint: attendance_bp -> /attendance
[2026-02-25 17:59:37,211] INFO in app: Registered blueprint: schedule_bp -> /schedule
[2026-02-25 17:59:37,216] INFO in app: Registered blueprint: admin_bp -> /admin
[2026-02-25 17:59:37,217] INFO in app: Registered blueprint: face_bp -> /face
[2026-02-25 17:59:37,218] INFO in app: Registered blueprint: dashboard_bp -> /dashboard
[2026-02-25 17:59:40,451] INFO in app: OK Logging initialized.
[2026-02-25 17:59:40,519] INFO in app: OK Database tables ensured (Base.metadata.create_all).
[2026-02-25 17:59:40,521] INFO in app: Registered blueprint: auth_bp -> /auth
[2026-02-25 17:59:40,522] INFO in app: Registered blueprint: attendance_bp -> /attendance
[2026-02-25 17:59:40,526] INFO in app: Registered blueprint: schedule_bp -> /schedule
[2026-02-25 17:59:40,531] INFO in app: Registered blueprint: admin_bp -> /admin
[2026-02-25 17:59:40,532] INFO in app: Registered blueprint: face_bp -> /face
[2026-02-25 17:59:40,533] INFO in app: Registered blueprint: dashboard_bp -> /dashboard
[2026-02-26 07:46:51,047] INFO in app: OK Logging initialized.
[2026-02-26 07:46:51,120] INFO in app: OK Database tables ensured (Base.metadata.create_all).
[2026-02-26 07:46:51,121] INFO in app: Registered blueprint: auth_bp -> /auth
[2026-02-26 07:46:51,122] INFO in app: Registered blueprint: attendance_bp -> /attendance
[2026-02-26 07:46:51,124] INFO in app: Registered blueprint: schedule_bp -> /schedule
[2026-02-26 07:46:51,127] INFO in app: Registered blueprint: admin_bp -> /admin
[2026-02-26 07:46:51,127] INFO in app: Registered blueprint: face_bp -> /face
[2026-02-26 07:46:51,129] INFO in app: Registered blueprint: dashboard_bp -> /dashboard
[2026-02-26 07:46:53,374] INFO in app: OK Logging initialized.
[2026-02-26 07:46:53,413] INFO in app: OK Database tables ensured (Base.metadata.create_all).
[2026-02-26 07:46:53,414] INFO in app: Registered blueprint: auth_bp -> /auth
[2026-02-26 07:46:53,415] INFO in app: Registered blueprint: attendance_bp -> /attendance
[2026-02-26 07:46:53,416] INFO in app: Registered blueprint: schedule_bp -> /schedule
[2026-02-26 07:46:53,419] INFO in app: Registered blueprint: admin_bp -> /admin
[2026-02-26 07:46:53,419] INFO in app: Registered blueprint: face_bp -> /face
[2026-02-26 07:46:53,420] INFO in app: Registered blueprint: dashboard_bp -> /dashboard
[2026-02-26 07:57:00,943] INFO in app: OK Logging initialized.
[2026-02-26 07:57:00,993] INFO in app: OK Database tables ensured (Base.metadata.create_all).
[2026-02-26 07:57:00,995] INFO in app: Registered blueprint: auth_bp -> /auth
[2026-02-26 07:57:00,996] INFO in app: Registered blueprint: attendance_bp -> /attendance
[2026-02-26 07:57:00,998] INFO in app: Registered blueprint: schedule_bp -> /schedule
[2026-02-26 07:57:01,000] INFO in app: Registered blueprint: admin_bp -> /admin
[2026-02-26 07:57:01,001] INFO in app: Registered blueprint: face_bp -> /face
[2026-02-26 07:57:01,001] INFO in app: Registered blueprint: dashboard_bp -> /dashboard
[2026-02-26 07:57:03,115] INFO in app: OK Logging initialized.
[2026-02-26 07:57:03,161] INFO in app: OK Database tables ensured (Base.metadata.create_all).
[2026-02-26 07:57:03,161] INFO in app: Registered blueprint: auth_bp -> /auth
[2026-02-26 07:57:03,161] INFO in app: Registered blueprint: attendance_bp -> /attendance
[2026-02-26 07:57:03,161] INFO in app: Registered blueprint: schedule_bp -> /schedule
[2026-02-26 07:57:03,161] INFO in app: Registered blueprint: admin_bp -> /admin
[2026-02-26 07:57:03,161] INFO in app: Registered blueprint: face_bp -> /face
[2026-02-26 07:57:03,161] INFO in app: Registered blueprint: dashboard_bp -> /dashboard
[2026-02-26 08:02:56,570] INFO in app: OK Logging initialized.
[2026-02-26 08:02:56,632] INFO in app: OK Database tables ensured (Base.metadata.create_all).
[2026-02-26 08:02:56,632] INFO in app: Registered blueprint: auth_bp -> /auth
[2026-02-26 08:02:56,632] INFO in app: Registered blueprint: attendance_bp -> /attendance
[2026-02-26 08:02:56,637] INFO in app: Registered blueprint: schedule_bp -> /schedule
[2026-02-26 08:02:56,641] INFO in app: Registered blueprint: admin_bp -> /admin
[2026-02-26 08:02:56,642] INFO in app: Registered blueprint: face_bp -> /face
[2026-02-26 08:02:56,643] INFO in app: Registered blueprint: dashboard_bp -> /dashboard
[2026-02-26 08:02:59,009] INFO in app: OK Logging initialized.
[2026-02-26 08:02:59,059] INFO in app: OK Database tables ensured (Base.metadata.create_all).
[2026-02-26 08:02:59,059] INFO in app: Registered blueprint: auth_bp -> /auth
[2026-02-26 08:02:59,059] INFO in app: Registered blueprint: attendance_bp -> /attendance
[2026-02-26 08:02:59,059] INFO in app: Registered blueprint: schedule_bp -> /schedule
[2026-02-26 08:02:59,069] INFO in app: Registered blueprint: admin_bp -> /admin
[2026-02-26 08:02:59,070] INFO in app: Registered blueprint: face_bp -> /face
[2026-02-26 08:02:59,071] INFO in app: Registered blueprint: dashboard_bp -> /dashboard
[2026-02-26 08:24:19,588] INFO in app: OK Logging initialized.
[2026-02-26 08:24:19,633] INFO in app: OK Database tables ensured (Base.metadata.create_all).
[2026-02-26 08:24:19,633] INFO in app: Registered blueprint: auth_bp -> /auth
[2026-02-26 08:24:19,633] INFO in app: Registered blueprint: attendance_bp -> /attendance
[2026-02-26 08:24:19,633] INFO in app: Registered blueprint: schedule_bp -> /schedule
[2026-02-26 08:24:19,639] INFO in app: Registered blueprint: admin_bp -> /admin
[2026-02-26 08:24:19,639] INFO in app: Registered blueprint: face_bp -> /face
[2026-02-26 08:24:19,642] INFO in app: Registered blueprint: dashboard_bp -> /dashboard
[2026-02-26 08:24:21,799] INFO in app: OK Logging initialized.
[2026-02-26 08:24:21,857] INFO in app: OK Database tables ensured (Base.metadata.create_all).
[2026-02-26 08:24:21,858] INFO in app: Registered blueprint: auth_bp -> /auth
[2026-02-26 08:24:21,859] INFO in app: Registered blueprint: attendance_bp -> /attendance
[2026-02-26 08:24:21,860] INFO in app: Registered blueprint: schedule_bp -> /schedule
[2026-02-26 08:24:21,863] INFO in app: Registered blueprint: admin_bp -> /admin
[2026-02-26 08:24:21,864] INFO in app: Registered blueprint: face_bp -> /face
[2026-02-26 08:24:21,865] INFO in app: Registered blueprint: dashboard_bp -> /dashboard
[2026-02-26 08:26:27,931] INFO in app: OK Logging initialized.
[2026-02-26 08:26:27,977] INFO in app: OK Database tables ensured (Base.metadata.create_all).
[2026-02-26 08:26:27,977] INFO in app: Registered blueprint: auth_bp -> /auth
[2026-02-26 08:26:27,979] INFO in app: Registered blueprint: attendance_bp -> /attendance
[2026-02-26 08:26:27,979] INFO in app: Registered blueprint: schedule_bp -> /schedule
[2026-02-26 08:26:27,982] INFO in app: Registered blueprint: admin_bp -> /admin
[2026-02-26 08:26:27,983] INFO in app: Registered blueprint: face_bp -> /face
[2026-02-26 08:26:27,983] INFO in app: Registered blueprint: dashboard_bp -> /dashboard
[2026-02-26 08:26:30,119] INFO in app: OK Logging initialized.
[2026-02-26 08:26:30,169] INFO in app: OK Database tables ensured (Base.metadata.create_all).
[2026-02-26 08:26:30,174] INFO in app: Registered blueprint: auth_bp -> /auth
[2026-02-26 08:26:30,175] INFO in app: Registered blueprint: attendance_bp -> /attendance
[2026-02-26 08:26:30,176] INFO in app: Registered blueprint: schedule_bp -> /schedule
[2026-02-26 08:26:30,182] INFO in app: Registered blueprint: admin_bp -> /admin
[2026-02-26 08:26:30,183] INFO in app: Registered blueprint: face_bp -> /face
[2026-02-26 08:26:30,183] INFO in app: Registered blueprint: dashboard_bp -> /dashboard
[2026-02-26 08:28:47,350] INFO in app: OK Logging initialized.
[2026-02-26 08:28:47,399] INFO in app: OK Database tables ensured (Base.metadata.create_all).
[2026-02-26 08:28:47,400] INFO in app: Registered blueprint: auth_bp -> /auth
[2026-02-26 08:28:47,401] INFO in app: Registered blueprint: attendance_bp -> /attendance
[2026-02-26 08:28:47,403] INFO in app: Registered blueprint: schedule_bp -> /schedule
[2026-02-26 08:28:47,405] INFO in app: Registered blueprint: admin_bp -> /admin
[2026-02-26 08:28:47,406] INFO in app: Registered blueprint: face_bp -> /face
[2026-02-26 08:28:47,407] INFO in app: Registered blueprint: dashboard_bp -> /dashboard
[2026-02-26 08:28:49,464] INFO in app: OK Logging initialized.
[2026-02-26 08:28:49,513] INFO in app: OK Database tables ensured (Base.metadata.create_all).
[2026-02-26 08:28:49,515] INFO in app: Registered blueprint: auth_bp -> /auth
[2026-02-26 08:28:49,516] INFO in app: Registered blueprint: attendance_bp -> /attendance
[2026-02-26 08:28:49,518] INFO in app: Registered blueprint: schedule_bp -> /schedule
[2026-02-26 08:28:49,521] INFO in app: Registered blueprint: admin_bp -> /admin
[2026-02-26 08:28:49,522] INFO in app: Registered blueprint: face_bp -> /face
[2026-02-26 08:28:49,523] INFO in app: Registered blueprint: dashboard_bp -> /dashboard
[2026-02-26 08:34:57,333] INFO in app: OK Logging initialized.
[2026-02-26 08:34:57,381] INFO in app: OK Database tables ensured (Base.metadata.create_all).
[2026-02-26 08:34:57,382] INFO in app: Registered blueprint: auth_bp -> /auth
[2026-02-26 08:34:57,383] INFO in app: Registered blueprint: attendance_bp -> /attendance
[2026-02-26 08:34:57,384] INFO in app: Registered blueprint: schedule_bp -> /schedule
[2026-02-26 08:34:57,387] INFO in app: Registered blueprint: admin_bp -> /admin
[2026-02-26 08:34:57,388] INFO in app: Registered blueprint: face_bp -> /face
[2026-02-26 08:34:57,389] INFO in app: Registered blueprint: dashboard_bp -> /dashboard
[2026-02-26 08:34:59,843] INFO in app: OK Logging initialized.
[2026-02-26 08:34:59,893] INFO in app: OK Database tables ensured (Base.metadata.create_all).
[2026-02-26 08:34:59,895] INFO in app: Registered blueprint: auth_bp -> /auth
[2026-02-26 08:34:59,896] INFO in app: Registered blueprint: attendance_bp -> /attendance
[2026-02-26 08:34:59,898] INFO in app: Registered blueprint: schedule_bp -> /schedule
[2026-02-26 08:34:59,902] INFO in app: Registered blueprint: admin_bp -> /admin
[2026-02-26 08:34:59,903] INFO in app: Registered blueprint: face_bp -> /face
[2026-02-26 08:34:59,903] INFO in app: Registered blueprint: dashboard_bp -> /dashboard
[2026-02-26 18:19:34,407] INFO in app: OK Logging initialized.
[2026-02-26 18:19:34,584] INFO in app: OK Database tables ensured (Base.metadata.create_all).
[2026-02-26 18:19:34,588] INFO in app: Registered blueprint: auth_bp -> /auth
[2026-02-26 18:19:34,589] INFO in app: Registered blueprint: attendance_bp -> /attendance
[2026-02-26 18:19:34,594] INFO in app: Registered blueprint: schedule_bp -> /schedule
[2026-02-26 18:19:34,604] INFO in app: Registered blueprint: admin_bp -> /admin
[2026-02-26 18:19:34,606] INFO in app: Registered blueprint: face_bp -> /face
[2026-02-26 18:19:34,607] INFO in app: Registered blueprint: dashboard_bp -> /dashboard
[2026-02-26 18:19:40,223] INFO in app: OK Logging initialized.
[2026-02-26 18:19:40,340] INFO in app: OK Database tables ensured (Base.metadata.create_all).
[2026-02-26 18:19:40,348] INFO in app: Registered blueprint: auth_bp -> /auth
[2026-02-26 18:19:40,350] INFO in app: Registered blueprint: attendance_bp -> /attendance
[2026-02-26 18:19:40,355] INFO in app: Registered blueprint: schedule_bp -> /schedule
[2026-02-26 18:19:40,369] INFO in app: Registered blueprint: admin_bp -> /admin
[2026-02-26 18:19:40,372] INFO in app: Registered blueprint: face_bp -> /face
[2026-02-26 18:19:40,376] INFO in app: Registered blueprint: dashboard_bp -> /dashboard
[2026-02-27 06:37:44,381] INFO in app: OK Logging initialized.
[2026-02-27 06:37:44,476] INFO in app: OK Database tables ensured (Base.metadata.create_all).
[2026-02-27 06:37:44,491] INFO in app: Registered blueprint: auth_bp -> /auth
[2026-02-27 06:37:44,491] INFO in app: Registered blueprint: attendance_bp -> /attendance
[2026-02-27 06:37:44,491] INFO in app: Registered blueprint: schedule_bp -> /schedule
[2026-02-27 06:37:44,491] INFO in app: Registered blueprint: admin_bp -> /admin
[2026-02-27 06:37:44,491] INFO in app: Registered blueprint: face_bp -> /face
[2026-02-27 06:37:44,499] INFO in app: Registered blueprint: dashboard_bp -> /dashboard
[2026-02-27 06:37:48,676] INFO in app: OK Logging initialized.
[2026-02-27 06:37:48,741] INFO in app: OK Database tables ensured (Base.metadata.create_all).
[2026-02-27 06:37:48,743] INFO in app: Registered blueprint: auth_bp -> /auth
[2026-02-27 06:37:48,744] INFO in app: Registered blueprint: attendance_bp -> /attendance
[2026-02-27 06:37:48,746] INFO in app: Registered blueprint: schedule_bp -> /schedule
[2026-02-27 06:37:48,751] INFO in app: Registered blueprint: admin_bp -> /admin
[2026-02-27 06:37:48,752] INFO in app: Registered blueprint: face_bp -> /face
[2026-02-27 06:37:48,753] INFO in app: Registered blueprint: dashboard_bp -> /dashboard
[2026-02-27 06:38:22,039] INFO in app: OK Logging initialized.
[2026-02-27 06:38:22,101] INFO in app: OK Database tables ensured (Base.metadata.create_all).
[2026-02-27 06:38:22,103] INFO in app: Registered blueprint: auth_bp -> /auth
[2026-02-27 06:38:22,103] INFO in app: Registered blueprint: attendance_bp -> /attendance
[2026-02-27 06:38:22,106] INFO in app: Registered blueprint: schedule_bp -> /schedule
[2026-02-27 06:38:22,110] INFO in app: Registered blueprint: admin_bp -> /admin
[2026-02-27 06:38:22,111] INFO in app: Registered blueprint: face_bp -> /face
[2026-02-27 06:38:22,112] INFO in app: Registered blueprint: dashboard_bp -> /dashboard
[2026-02-27 06:38:25,175] INFO in app: OK Logging initialized.
[2026-02-27 06:38:25,228] INFO in app: OK Database tables ensured (Base.metadata.create_all).
[2026-02-27 06:38:25,231] INFO in app: Registered blueprint: auth_bp -> /auth
[2026-02-27 06:38:25,232] INFO in app: Registered blueprint: attendance_bp -> /attendance
[2026-02-27 06:38:25,234] INFO in app: Registered blueprint: schedule_bp -> /schedule
[2026-02-27 06:38:25,239] INFO in app: Registered blueprint: admin_bp -> /admin
[2026-02-27 06:38:25,240] INFO in app: Registered blueprint: face_bp -> /face
[2026-02-27 06:38:25,241] INFO in app: Registered blueprint: dashboard_bp -> /dashboard
[2026-02-27 07:41:22,220] INFO in app: OK Logging initialized.
[2026-02-27 07:41:22,337] INFO in app: OK Database tables ensured (Base.metadata.create_all).
[2026-02-27 07:41:22,337] INFO in app: Registered blueprint: auth_bp -> /auth
[2026-02-27 07:41:22,337] INFO in app: Registered blueprint: attendance_bp -> /attendance
[2026-02-27 07:41:22,337] INFO in app: Registered blueprint: schedule_bp -> /schedule
[2026-02-27 07:41:22,347] INFO in app: Registered blueprint: admin_bp -> /admin
[2026-02-27 07:41:22,347] INFO in app: Registered blueprint: face_bp -> /face
[2026-02-27 07:41:22,349] INFO in app: Registered blueprint: dashboard_bp -> /dashboard
[2026-02-27 07:41:27,287] INFO in app: OK Logging initialized.
[2026-02-27 07:41:27,337] INFO in app: OK Database tables ensured (Base.metadata.create_all).
[2026-02-27 07:41:27,337] INFO in app: Registered blueprint: auth_bp -> /auth
[2026-02-27 07:41:27,337] INFO in app: Registered blueprint: attendance_bp -> /attendance
[2026-02-27 07:41:27,337] INFO in app: Registered blueprint: schedule_bp -> /schedule
[2026-02-27 07:41:27,347] INFO in app: Registered blueprint: admin_bp -> /admin
[2026-02-27 07:41:27,347] INFO in app: Registered blueprint: face_bp -> /face
[2026-02-27 07:41:27,357] INFO in app: Registered blueprint: dashboard_bp -> /dashboard
[2026-02-27 07:41:58,252] INFO in app: OK Logging initialized.
[2026-02-27 07:41:58,327] INFO in app: OK Database tables ensured (Base.metadata.create_all).
[2026-02-27 07:41:58,337] INFO in app: Registered blueprint: auth_bp -> /auth
[2026-02-27 07:41:58,337] INFO in app: Registered blueprint: attendance_bp -> /attendance
[2026-02-27 07:41:58,344] INFO in app: Registered blueprint: schedule_bp -> /schedule
[2026-02-27 07:41:58,351] INFO in app: Registered blueprint: admin_bp -> /admin
[2026-02-27 07:41:58,353] INFO in app: Registered blueprint: face_bp -> /face
[2026-02-27 07:41:58,354] INFO in app: Registered blueprint: dashboard_bp -> /dashboard
[2026-02-27 07:42:01,792] INFO in app: OK Logging initialized.
[2026-02-27 07:42:01,853] INFO in app: OK Database tables ensured (Base.metadata.create_all).
[2026-02-27 07:42:01,857] INFO in app: Registered blueprint: auth_bp -> /auth
[2026-02-27 07:42:01,857] INFO in app: Registered blueprint: attendance_bp -> /attendance
[2026-02-27 07:42:01,857] INFO in app: Registered blueprint: schedule_bp -> /schedule
[2026-02-27 07:42:01,865] INFO in app: Registered blueprint: admin_bp -> /admin
[2026-02-27 07:42:01,867] INFO in app: Registered blueprint: face_bp -> /face
[2026-02-27 07:42:01,867] INFO in app: Registered blueprint: dashboard_bp -> /dashboard
[2026-02-27 09:23:33,829] INFO in app: OK Logging initialized.
[2026-02-27 09:23:33,887] INFO in app: OK Database tables ensured (Base.metadata.create_all).
[2026-02-27 09:23:33,890] INFO in app: Registered blueprint: auth_bp -> /auth
[2026-02-27 09:23:33,891] INFO in app: Registered blueprint: attendance_bp -> /attendance
[2026-02-27 09:23:33,891] INFO in app: Registered blueprint: schedule_bp -> /schedule
[2026-02-27 09:23:33,899] INFO in app: Registered blueprint: admin_bp -> /admin
[2026-02-27 09:23:33,900] INFO in app: Registered blueprint: face_bp -> /face
[2026-02-27 09:23:33,900] INFO in app: Registered blueprint: dashboard_bp -> /dashboard
[2026-02-27 09:23:35,971] INFO in app: OK Logging initialized.
[2026-02-27 09:23:36,022] INFO in app: OK Database tables ensured (Base.metadata.create_all).
[2026-02-27 09:23:36,024] INFO in app: Registered blueprint: auth_bp -> /auth
[2026-02-27 09:23:36,025] INFO in app: Registered blueprint: attendance_bp -> /attendance
[2026-02-27 09:23:36,026] INFO in app: Registered blueprint: schedule_bp -> /schedule
[2026-02-27 09:23:36,029] INFO in app: Registered blueprint: admin_bp -> /admin
[2026-02-27 09:23:36,029] INFO in app: Registered blueprint: face_bp -> /face
[2026-02-27 09:23:36,030] INFO in app: Registered blueprint: dashboard_bp -> /dashboard
[2026-02-27 23:18:51,628] INFO in app: OK Logging initialized.
[2026-02-27 23:18:51,762] INFO in app: OK Database tables ensured (Base.metadata.create_all).
[2026-02-27 23:18:51,763] INFO in app: Registered blueprint: auth_bp -> /auth
[2026-02-27 23:18:51,763] INFO in app: Registered blueprint: attendance_bp -> /attendance
[2026-02-27 23:18:51,763] INFO in app: Registered blueprint: schedule_bp -> /schedule
[2026-02-27 23:18:51,773] INFO in app: Registered blueprint: admin_bp -> /admin
[2026-02-27 23:18:51,775] INFO in app: Registered blueprint: face_bp -> /face
[2026-02-27 23:18:51,776] INFO in app: Registered blueprint: dashboard_bp -> /dashboard
[2026-02-27 23:18:56,092] INFO in app: OK Logging initialized.
[2026-02-27 23:18:56,243] INFO in app: OK Database tables ensured (Base.metadata.create_all).
[2026-02-27 23:18:56,247] INFO in app: Registered blueprint: auth_bp -> /auth
[2026-02-27 23:18:56,249] INFO in app: Registered blueprint: attendance_bp -> /attendance
[2026-02-27 23:18:56,253] INFO in app: Registered blueprint: schedule_bp -> /schedule
[2026-02-27 23:18:56,262] INFO in app: Registered blueprint: admin_bp -> /admin
[2026-02-27 23:18:56,264] INFO in app: Registered blueprint: face_bp -> /face
[2026-02-27 23:18:56,265] INFO in app: Registered blueprint: dashboard_bp -> /dashboard
[2026-02-27 23:52:02,801] INFO in app: OK Logging initialized.
[2026-02-27 23:52:02,856] INFO in app: OK Database tables ensured (Base.metadata.create_all).
[2026-02-27 23:52:02,858] INFO in app: Registered blueprint: auth_bp -> /auth
[2026-02-27 23:52:02,859] INFO in app: Registered blueprint: attendance_bp -> /attendance
[2026-02-27 23:52:02,863] INFO in app: Registered blueprint: schedule_bp -> /schedule
[2026-02-27 23:52:02,867] INFO in app: Registered blueprint: admin_bp -> /admin
[2026-02-27 23:52:02,868] INFO in app: Registered blueprint: face_bp -> /face
[2026-02-27 23:52:02,869] INFO in app: Registered blueprint: dashboard_bp -> /dashboard
[2026-02-27 23:52:06,237] INFO in app: OK Logging initialized.
[2026-02-27 23:52:06,304] INFO in app: OK Database tables ensured (Base.metadata.create_all).
[2026-02-27 23:52:06,308] INFO in app: Registered blueprint: auth_bp -> /auth
[2026-02-27 23:52:06,310] INFO in app: Registered blueprint: attendance_bp -> /attendance
[2026-02-27 23:52:06,312] INFO in app: Registered blueprint: schedule_bp -> /schedule
[2026-02-27 23:52:06,317] INFO in app: Registered blueprint: admin_bp -> /admin
[2026-02-27 23:52:06,318] INFO in app: Registered blueprint: face_bp -> /face
[2026-02-27 23:52:06,320] INFO in app: Registered blueprint: dashboard_bp -> /dashboard
[2026-02-28 00:15:19,288] INFO in app: OK Logging initialized.
[2026-02-28 00:15:19,358] INFO in app: OK Database tables ensured (Base.metadata.create_all).
[2026-02-28 00:15:19,361] INFO in app: Registered blueprint: auth_bp -> /auth
[2026-02-28 00:15:19,362] INFO in app: Registered blueprint: attendance_bp -> /attendance
[2026-02-28 00:15:19,364] INFO in app: Registered blueprint: schedule_bp -> /schedule
[2026-02-28 00:15:19,371] INFO in app: Registered blueprint: admin_bp -> /admin
[2026-02-28 00:15:19,372] INFO in app: Registered blueprint: face_bp -> /face
[2026-02-28 00:15:19,373] INFO in app: Registered blueprint: dashboard_bp -> /dashboard
[2026-02-28 00:15:23,336] INFO in app: OK Logging initialized.
[2026-02-28 00:15:23,404] INFO in app: OK Database tables ensured (Base.metadata.create_all).
[2026-02-28 00:15:23,420] INFO in app: Registered blueprint: auth_bp -> /auth
[2026-02-28 00:15:23,420] INFO in app: Registered blueprint: attendance_bp -> /attendance
[2026-02-28 00:15:23,433] INFO in app: Registered blueprint: schedule_bp -> /schedule
[2026-02-28 00:15:23,438] INFO in app: Registered blueprint: admin_bp -> /admin
[2026-02-28 00:15:23,446] INFO in app: Registered blueprint: face_bp -> /face
[2026-02-28 00:15:23,447] INFO in app: Registered blueprint: dashboard_bp -> /dashboard
[2026-02-28 00:22:04,727] INFO in app: OK Logging initialized.
[2026-02-28 00:22:04,791] INFO in app: OK Database tables ensured (Base.metadata.create_all).
[2026-02-28 00:22:04,791] INFO in app: Registered blueprint: auth_bp -> /auth
[2026-02-28 00:22:04,807] INFO in app: Registered blueprint: attendance_bp -> /attendance
[2026-02-28 00:22:04,811] INFO in app: Registered blueprint: schedule_bp -> /schedule
[2026-02-28 00:22:04,819] INFO in app: Registered blueprint: admin_bp -> /admin
[2026-02-28 00:22:04,821] INFO in app: Registered blueprint: face_bp -> /face
[2026-02-28 00:22:04,822] INFO in app: Registered blueprint: dashboard_bp -> /dashboard
[2026-02-28 00:22:34,381] INFO in app: OK Logging initialized.
[2026-02-28 00:22:34,439] INFO in app: OK Database tables ensured (Base.metadata.create_all).
[2026-02-28 00:22:34,441] INFO in app: Registered blueprint: auth_bp -> /auth
[2026-02-28 00:22:34,441] INFO in app: Registered blueprint: attendance_bp -> /attendance
[2026-02-28 00:22:34,443] INFO in app: Registered blueprint: schedule_bp -> /schedule
[2026-02-28 00:22:34,449] INFO in app: Registered blueprint: admin_bp -> /admin
[2026-02-28 00:22:34,451] INFO in app: Registered blueprint: face_bp -> /face
[2026-02-28 00:22:34,452] INFO in app: Registered blueprint: dashboard_bp -> /dashboard
[2026-02-28 00:22:38,193] INFO in app: OK Logging initialized.
[2026-02-28 00:22:38,297] INFO in app: OK Database tables ensured (Base.metadata.create_all).
[2026-02-28 00:22:38,301] INFO in app: Registered blueprint: auth_bp -> /auth
[2026-02-28 00:22:38,302] INFO in app: Registered blueprint: attendance_bp -> /attendance
[2026-02-28 00:22:38,305] INFO in app: Registered blueprint: schedule_bp -> /schedule
[2026-02-28 00:22:38,314] INFO in app: Registered blueprint: admin_bp -> /admin
[2026-02-28 00:22:38,317] INFO in app: Registered blueprint: face_bp -> /face
[2026-02-28 00:22:38,318] INFO in app: Registered blueprint: dashboard_bp -> /dashboard
[2026-02-28 00:23:09,334] INFO in app: OK Logging initialized.
[2026-02-28 00:23:09,402] INFO in app: OK Database tables ensured (Base.metadata.create_all).
[2026-02-28 00:23:09,405] INFO in app: Registered blueprint: auth_bp -> /auth
[2026-02-28 00:23:09,407] INFO in app: Registered blueprint: attendance_bp -> /attendance
[2026-02-28 00:23:09,410] INFO in app: Registered blueprint: schedule_bp -> /schedule
[2026-02-28 00:23:09,414] INFO in app: Registered blueprint: admin_bp -> /admin
[2026-02-28 00:23:09,416] INFO in app: Registered blueprint: face_bp -> /face
[2026-02-28 00:23:09,417] INFO in app: Registered blueprint: dashboard_bp -> /dashboard
[2026-02-28 00:23:58,331] INFO in app: OK Logging initialized.
[2026-02-28 00:23:58,381] INFO in app: OK Database tables ensured (Base.metadata.create_all).
[2026-02-28 00:23:58,381] INFO in app: Registered blueprint: auth_bp -> /auth
[2026-02-28 00:23:58,381] INFO in app: Registered blueprint: attendance_bp -> /attendance
[2026-02-28 00:23:58,394] INFO in app: Registered blueprint: schedule_bp -> /schedule
[2026-02-28 00:23:58,398] INFO in app: Registered blueprint: admin_bp -> /admin
[2026-02-28 00:23:58,403] INFO in app: Registered blueprint: face_bp -> /face
[2026-02-28 00:23:58,404] INFO in app: Registered blueprint: dashboard_bp -> /dashboard
[2026-02-28 00:24:33,218] INFO in app: OK Logging initialized.
[2026-02-28 00:24:33,302] INFO in app: OK Database tables ensured (Base.metadata.create_all).
[2026-02-28 00:24:33,302] INFO in app: Registered blueprint: auth_bp -> /auth
[2026-02-28 00:24:33,302] INFO in app: Registered blueprint: attendance_bp -> /attendance
[2026-02-28 00:24:33,302] INFO in app: Registered blueprint: schedule_bp -> /schedule
[2026-02-28 00:24:33,320] INFO in app: Registered blueprint: admin_bp -> /admin
[2026-02-28 00:24:33,320] INFO in app: Registered blueprint: face_bp -> /face
[2026-02-28 00:24:33,320] INFO in app: Registered blueprint: dashboard_bp -> /dashboard
[2026-02-28 00:31:33,666] INFO in app: OK Logging initialized.
[2026-02-28 00:31:33,739] INFO in app: OK Database tables ensured (Base.metadata.create_all).
[2026-02-28 00:31:33,739] INFO in app: Registered blueprint: auth_bp -> /auth
[2026-02-28 00:31:33,739] INFO in app: Registered blueprint: attendance_bp -> /attendance
[2026-02-28 00:31:33,751] INFO in app: Registered blueprint: schedule_bp -> /schedule
[2026-02-28 00:31:33,758] INFO in app: Registered blueprint: admin_bp -> /admin
[2026-02-28 00:31:33,760] INFO in app: Registered blueprint: face_bp -> /face
[2026-02-28 00:31:33,761] INFO in app: Registered blueprint: dashboard_bp -> /dashboard
[2026-02-28 00:31:37,154] INFO in app: OK Logging initialized.
[2026-02-28 00:31:37,218] INFO in app: OK Database tables ensured (Base.metadata.create_all).
[2026-02-28 00:31:37,218] INFO in app: Registered blueprint: auth_bp -> /auth
[2026-02-28 00:31:37,218] INFO in app: Registered blueprint: attendance_bp -> /attendance
[2026-02-28 00:31:37,218] INFO in app: Registered blueprint: schedule_bp -> /schedule
[2026-02-28 00:31:37,229] INFO in app: Registered blueprint: admin_bp -> /admin
[2026-02-28 00:31:37,230] INFO in app: Registered blueprint: face_bp -> /face
[2026-02-28 00:31:37,231] INFO in app: Registered blueprint: dashboard_bp -> /dashboard
[2026-02-28 00:32:54,014] INFO in app: OK Logging initialized.
[2026-02-28 00:32:54,088] INFO in app: OK Database tables ensured (Base.metadata.create_all).
[2026-02-28 00:32:54,088] INFO in app: Registered blueprint: auth_bp -> /auth
[2026-02-28 00:32:54,088] INFO in app: Registered blueprint: attendance_bp -> /attendance
[2026-02-28 00:32:54,103] INFO in app: Registered blueprint: schedule_bp -> /schedule
[2026-02-28 00:32:54,108] INFO in app: Registered blueprint: admin_bp -> /admin
[2026-02-28 00:32:54,110] INFO in app: Registered blueprint: face_bp -> /face
[2026-02-28 00:32:54,111] INFO in app: Registered blueprint: dashboard_bp -> /dashboard
[2026-02-28 00:33:04,727] INFO in app: OK Logging initialized.
[2026-02-28 00:33:04,779] INFO in app: OK Database tables ensured (Base.metadata.create_all).
[2026-02-28 00:33:04,779] INFO in app: Registered blueprint: auth_bp -> /auth
[2026-02-28 00:33:04,779] INFO in app: Registered blueprint: attendance_bp -> /attendance
[2026-02-28 00:33:04,793] INFO in app: Registered blueprint: schedule_bp -> /schedule
[2026-02-28 00:33:04,800] INFO in app: Registered blueprint: admin_bp -> /admin
[2026-02-28 00:33:04,802] INFO in app: Registered blueprint: face_bp -> /face
[2026-02-28 00:33:04,803] INFO in app: Registered blueprint: dashboard_bp -> /dashboard
[2026-02-28 00:33:14,520] INFO in app: OK Logging initialized.
[2026-02-28 00:33:14,587] INFO in app: OK Database tables ensured (Base.metadata.create_all).
[2026-02-28 00:33:14,589] INFO in app: Registered blueprint: auth_bp -> /auth
[2026-02-28 00:33:14,589] INFO in app: Registered blueprint: attendance_bp -> /attendance
[2026-02-28 00:33:14,589] INFO in app: Registered blueprint: schedule_bp -> /schedule
[2026-02-28 00:33:14,597] INFO in app: Registered blueprint: admin_bp -> /admin
[2026-02-28 00:33:14,598] INFO in app: Registered blueprint: face_bp -> /face
[2026-02-28 00:33:14,599] INFO in app: Registered blueprint: dashboard_bp -> /dashboard
[2026-02-28 00:33:17,902] INFO in app: OK Logging initialized.
[2026-02-28 00:33:17,968] INFO in app: OK Database tables ensured (Base.metadata.create_all).
[2026-02-28 00:33:17,985] INFO in app: Registered blueprint: auth_bp -> /auth
[2026-02-28 00:33:17,985] INFO in app: Registered blueprint: attendance_bp -> /attendance
[2026-02-28 00:33:17,989] INFO in app: Registered blueprint: schedule_bp -> /schedule
[2026-02-28 00:33:17,992] INFO in app: Registered blueprint: admin_bp -> /admin
[2026-02-28 00:33:17,992] INFO in app: Registered blueprint: face_bp -> /face
[2026-02-28 00:33:17,998] INFO in app: Registered blueprint: dashboard_bp -> /dashboard
[2026-02-28 00:33:32,384] INFO in app: OK Logging initialized.
[2026-02-28 00:33:32,455] INFO in app: OK Database tables ensured (Base.metadata.create_all).
[2026-02-28 00:33:32,456] INFO in app: Registered blueprint: auth_bp -> /auth
[2026-02-28 00:33:32,456] INFO in app: Registered blueprint: attendance_bp -> /attendance
[2026-02-28 00:33:32,456] INFO in app: Registered blueprint: schedule_bp -> /schedule
[2026-02-28 00:33:32,469] INFO in app: Registered blueprint: admin_bp -> /admin
[2026-02-28 00:33:32,469] INFO in app: Registered blueprint: face_bp -> /face
[2026-02-28 00:33:32,469] INFO in app: Registered blueprint: dashboard_bp -> /dashboard
[2026-02-28 00:36:47,566] INFO in app: OK Logging initialized.
[2026-02-28 00:36:47,629] INFO in app: OK Database tables ensured (Base.metadata.create_all).
[2026-02-28 00:36:47,629] INFO in app: Registered blueprint: auth_bp -> /auth
[2026-02-28 00:36:47,629] INFO in app: Registered blueprint: attendance_bp -> /attendance
[2026-02-28 00:36:47,629] INFO in app: Registered blueprint: schedule_bp -> /schedule
[2026-02-28 00:36:47,644] INFO in app: Registered blueprint: admin_bp -> /admin
[2026-02-28 00:36:47,646] INFO in app: Registered blueprint: face_bp -> /face
[2026-02-28 00:36:47,647] INFO in app: Registered blueprint: dashboard_bp -> /dashboard
[2026-02-28 00:36:52,825] INFO in app: OK Logging initialized.
[2026-02-28 00:36:52,891] INFO in app: OK Database tables ensured (Base.metadata.create_all).
[2026-02-28 00:36:52,891] INFO in app: Registered blueprint: auth_bp -> /auth
[2026-02-28 00:36:52,891] INFO in app: Registered blueprint: attendance_bp -> /attendance
[2026-02-28 00:36:52,900] INFO in app: Registered blueprint: schedule_bp -> /schedule
[2026-02-28 00:36:52,908] INFO in app: Registered blueprint: admin_bp -> /admin
[2026-02-28 00:36:52,910] INFO in app: Registered blueprint: face_bp -> /face
[2026-02-28 00:36:52,910] INFO in app: Registered blueprint: dashboard_bp -> /dashboard
[2026-02-28 00:37:27,539] INFO in app: OK Logging initialized.
[2026-02-28 00:37:27,598] INFO in app: OK Database tables ensured (Base.metadata.create_all).
[2026-02-28 00:37:27,600] INFO in app: Registered blueprint: auth_bp -> /auth
[2026-02-28 00:37:27,601] INFO in app: Registered blueprint: attendance_bp -> /attendance
[2026-02-28 00:37:27,605] INFO in app: Registered blueprint: schedule_bp -> /schedule
[2026-02-28 00:37:27,612] INFO in app: Registered blueprint: admin_bp -> /admin
[2026-02-28 00:37:27,614] INFO in app: Registered blueprint: face_bp -> /face
[2026-02-28 00:37:27,616] INFO in app: Registered blueprint: dashboard_bp -> /dashboard
[2026-02-28 00:37:47,429] INFO in app: OK Logging initialized.
[2026-02-28 00:37:47,646] INFO in app: OK Database tables ensured (Base.metadata.create_all).
[2026-02-28 00:37:47,650] INFO in app: Registered blueprint: auth_bp -> /auth
[2026-02-28 00:37:47,651] INFO in app: Registered blueprint: attendance_bp -> /attendance
[2026-02-28 00:37:47,654] INFO in app: Registered blueprint: schedule_bp -> /schedule
[2026-02-28 00:37:47,663] INFO in app: Registered blueprint: admin_bp -> /admin
[2026-02-28 00:37:47,665] INFO in app: Registered blueprint: face_bp -> /face
[2026-02-28 00:37:47,666] INFO in app: Registered blueprint: dashboard_bp -> /dashboard
[2026-02-28 00:37:52,984] INFO in app: OK Logging initialized.
[2026-02-28 00:37:53,055] INFO in app: OK Database tables ensured (Base.metadata.create_all).
[2026-02-28 00:37:53,058] INFO in app: Registered blueprint: auth_bp -> /auth
[2026-02-28 00:37:53,059] INFO in app: Registered blueprint: attendance_bp -> /attendance
[2026-02-28 00:37:53,061] INFO in app: Registered blueprint: schedule_bp -> /schedule
[2026-02-28 00:37:53,066] INFO in app: Registered blueprint: admin_bp -> /admin
[2026-02-28 00:37:53,067] INFO in app: Registered blueprint: face_bp -> /face
[2026-02-28 00:37:53,068] INFO in app: Registered blueprint: dashboard_bp -> /dashboard
[2026-02-28 00:38:06,489] INFO in app: OK Logging initialized.
[2026-02-28 00:38:06,564] INFO in app: OK Database tables ensured (Base.metadata.create_all).
[2026-02-28 00:38:06,564] INFO in app: Registered blueprint: auth_bp -> /auth
[2026-02-28 00:38:06,564] INFO in app: Registered blueprint: attendance_bp -> /attendance
[2026-02-28 00:38:06,576] INFO in app: Registered blueprint: schedule_bp -> /schedule
[2026-02-28 00:38:06,582] INFO in app: Registered blueprint: admin_bp -> /admin
[2026-02-28 00:38:06,583] INFO in app: Registered blueprint: face_bp -> /face
[2026-02-28 00:38:06,584] INFO in app: Registered blueprint: dashboard_bp -> /dashboard
[2026-02-28 00:38:12,460] INFO in app: OK Logging initialized.
[2026-02-28 00:38:12,525] INFO in app: OK Database tables ensured (Base.metadata.create_all).
[2026-02-28 00:38:12,528] INFO in app: Registered blueprint: auth_bp -> /auth
[2026-02-28 00:38:12,530] INFO in app: Registered blueprint: attendance_bp -> /attendance
[2026-02-28 00:38:12,534] INFO in app: Registered blueprint: schedule_bp -> /schedule
[2026-02-28 00:38:12,541] INFO in app: Registered blueprint: admin_bp -> /admin
[2026-02-28 00:38:12,542] INFO in app: Registered blueprint: face_bp -> /face
[2026-02-28 00:38:12,544] INFO in app: Registered blueprint: dashboard_bp -> /dashboard
[2026-02-28 00:40:45,833] INFO in app: OK Logging initialized.
[2026-02-28 00:40:45,895] INFO in app: OK Database tables ensured (Base.metadata.create_all).
[2026-02-28 00:40:45,897] INFO in app: Registered blueprint: auth_bp -> /auth
[2026-02-28 00:40:45,898] INFO in app: Registered blueprint: attendance_bp -> /attendance
[2026-02-28 00:40:45,900] INFO in app: Registered blueprint: schedule_bp -> /schedule
[2026-02-28 00:40:45,906] INFO in app: Registered blueprint: admin_bp -> /admin
[2026-02-28 00:40:45,909] INFO in app: Registered blueprint: face_bp -> /face
[2026-02-28 00:40:45,909] INFO in app: Registered blueprint: dashboard_bp -> /dashboard
[2026-02-28 00:40:50,787] INFO in app: OK Logging initialized.
[2026-02-28 00:40:50,850] INFO in app: OK Database tables ensured (Base.metadata.create_all).
[2026-02-28 00:40:50,854] INFO in app: Registered blueprint: auth_bp -> /auth
[2026-02-28 00:40:50,855] INFO in app: Registered blueprint: attendance_bp -> /attendance
[2026-02-28 00:40:50,858] INFO in app: Registered blueprint: schedule_bp -> /schedule
[2026-02-28 00:40:50,864] INFO in app: Registered blueprint: admin_bp -> /admin
[2026-02-28 00:40:50,866] INFO in app: Registered blueprint: face_bp -> /face
[2026-02-28 00:40:50,867] INFO in app: Registered blueprint: dashboard_bp -> /dashboard
[2026-02-28 00:41:06,018] INFO in app: OK Logging initialized.
[2026-02-28 00:41:06,079] INFO in app: OK Database tables ensured (Base.metadata.create_all).
[2026-02-28 00:41:06,082] INFO in app: Registered blueprint: auth_bp -> /auth
[2026-02-28 00:41:06,083] INFO in app: Registered blueprint: attendance_bp -> /attendance
[2026-02-28 00:41:06,085] INFO in app: Registered blueprint: schedule_bp -> /schedule
[2026-02-28 00:41:06,090] INFO in app: Registered blueprint: admin_bp -> /admin
[2026-02-28 00:41:06,092] INFO in app: Registered blueprint: face_bp -> /face
[2026-02-28 00:41:06,093] INFO in app: Registered blueprint: dashboard_bp -> /dashboard
[2026-02-28 00:41:16,193] INFO in app: OK Logging initialized.
[2026-02-28 00:41:16,249] INFO in app: OK Database tables ensured (Base.metadata.create_all).
[2026-02-28 00:41:16,251] INFO in app: Registered blueprint: auth_bp -> /auth
[2026-02-28 00:41:16,252] INFO in app: Registered blueprint: attendance_bp -> /attendance
[2026-02-28 00:41:16,254] INFO in app: Registered blueprint: schedule_bp -> /schedule
[2026-02-28 00:41:16,258] INFO in app: Registered blueprint: admin_bp -> /admin
[2026-02-28 00:41:16,260] INFO in app: Registered blueprint: face_bp -> /face
[2026-02-28 00:41:16,261] INFO in app: Registered blueprint: dashboard_bp -> /dashboard
[2026-02-28 00:41:27,653] INFO in app: OK Logging initialized.
[2026-02-28 00:41:27,721] INFO in app: OK Database tables ensured (Base.metadata.create_all).
[2026-02-28 00:41:27,725] INFO in app: Registered blueprint: auth_bp -> /auth
[2026-02-28 00:41:27,726] INFO in app: Registered blueprint: attendance_bp -> /attendance
[2026-02-28 00:41:27,731] INFO in app: Registered blueprint: schedule_bp -> /schedule
[2026-02-28 00:41:27,737] INFO in app: Registered blueprint: admin_bp -> /admin
[2026-02-28 00:41:27,737] INFO in app: Registered blueprint: face_bp -> /face
[2026-02-28 00:41:27,741] INFO in app: Registered blueprint: dashboard_bp -> /dashboard
[2026-02-28 00:41:32,481] INFO in app: OK Logging initialized.
[2026-02-28 00:41:32,548] INFO in app: OK Database tables ensured (Base.metadata.create_all).
[2026-02-28 00:41:32,551] INFO in app: Registered blueprint: auth_bp -> /auth
[2026-02-28 00:41:32,552] INFO in app: Registered blueprint: attendance_bp -> /attendance
[2026-02-28 00:41:32,556] INFO in app: Registered blueprint: schedule_bp -> /schedule
[2026-02-28 00:41:32,561] INFO in app: Registered blueprint: admin_bp -> /admin
[2026-02-28 00:41:32,562] INFO in app: Registered blueprint: face_bp -> /face
[2026-02-28 00:41:32,563] INFO in app: Registered blueprint: dashboard_bp -> /dashboard
[2026-02-28 00:41:40,776] INFO in app: OK Logging initialized.
[2026-02-28 00:41:40,844] INFO in app: OK Database tables ensured (Base.metadata.create_all).
[2026-02-28 00:41:40,848] INFO in app: Registered blueprint: auth_bp -> /auth
[2026-02-28 00:41:40,850] INFO in app: Registered blueprint: attendance_bp -> /attendance
[2026-02-28 00:41:40,853] INFO in app: Registered blueprint: schedule_bp -> /schedule
[2026-02-28 00:41:40,860] INFO in app: Registered blueprint: admin_bp -> /admin
[2026-02-28 00:41:40,861] INFO in app: Registered blueprint: face_bp -> /face
[2026-02-28 00:41:40,862] INFO in app: Registered blueprint: dashboard_bp -> /dashboard
[2026-02-28 00:41:46,403] INFO in app: OK Logging initialized.
[2026-02-28 00:41:46,450] INFO in app: OK Database tables ensured (Base.metadata.create_all).
[2026-02-28 00:41:46,452] INFO in app: Registered blueprint: auth_bp -> /auth
[2026-02-28 00:41:46,453] INFO in app: Registered blueprint: attendance_bp -> /attendance
[2026-02-28 00:41:46,455] INFO in app: Registered blueprint: schedule_bp -> /schedule
[2026-02-28 00:41:46,459] INFO in app: Registered blueprint: admin_bp -> /admin
[2026-02-28 00:41:46,460] INFO in app: Registered blueprint: face_bp -> /face
[2026-02-28 00:41:46,461] INFO in app: Registered blueprint: dashboard_bp -> /dashboard
[2026-02-28 00:43:51,857] INFO in app: OK Logging initialized.
[2026-02-28 00:43:51,909] INFO in app: OK Database tables ensured (Base.metadata.create_all).
[2026-02-28 00:43:51,911] INFO in app: Registered blueprint: auth_bp -> /auth
[2026-02-28 00:43:51,912] INFO in app: Registered blueprint: attendance_bp -> /attendance
[2026-02-28 00:43:51,914] INFO in app: Registered blueprint: schedule_bp -> /schedule
[2026-02-28 00:43:51,918] INFO in app: Registered blueprint: admin_bp -> /admin
[2026-02-28 00:43:51,919] INFO in app: Registered blueprint: face_bp -> /face
[2026-02-28 00:43:51,920] INFO in app: Registered blueprint: dashboard_bp -> /dashboard
[2026-02-28 00:44:16,391] INFO in app: OK Logging initialized.
[2026-02-28 00:44:16,443] INFO in app: OK Database tables ensured (Base.metadata.create_all).
[2026-02-28 00:44:16,443] INFO in app: Registered blueprint: auth_bp -> /auth
[2026-02-28 00:44:16,443] INFO in app: Registered blueprint: attendance_bp -> /attendance
[2026-02-28 00:44:16,443] INFO in app: Registered blueprint: schedule_bp -> /schedule
[2026-02-28 00:44:16,457] INFO in app: Registered blueprint: admin_bp -> /admin
[2026-02-28 00:44:16,459] INFO in app: Registered blueprint: face_bp -> /face
[2026-02-28 00:44:16,460] INFO in app: Registered blueprint: dashboard_bp -> /dashboard
[2026-02-28 00:44:21,987] INFO in app: OK Logging initialized.
[2026-02-28 00:44:22,061] INFO in app: OK Database tables ensured (Base.metadata.create_all).
[2026-02-28 00:44:22,061] INFO in app: Registered blueprint: auth_bp -> /auth
[2026-02-28 00:44:22,061] INFO in app: Registered blueprint: attendance_bp -> /attendance
[2026-02-28 00:44:22,072] INFO in app: Registered blueprint: schedule_bp -> /schedule
[2026-02-28 00:44:22,078] INFO in app: Registered blueprint: admin_bp -> /admin
[2026-02-28 00:44:22,079] INFO in app: Registered blueprint: face_bp -> /face
[2026-02-28 00:44:22,080] INFO in app: Registered blueprint: dashboard_bp -> /dashboard
[2026-02-28 00:44:29,726] INFO in app: OK Logging initialized.
[2026-02-28 00:44:29,783] INFO in app: OK Database tables ensured (Base.metadata.create_all).
[2026-02-28 00:44:29,787] INFO in app: Registered blueprint: auth_bp -> /auth
[2026-02-28 00:44:29,788] INFO in app: Registered blueprint: attendance_bp -> /attendance
[2026-02-28 00:44:29,791] INFO in app: Registered blueprint: schedule_bp -> /schedule
[2026-02-28 00:44:29,797] INFO in app: Registered blueprint: admin_bp -> /admin
[2026-02-28 00:44:29,798] INFO in app: Registered blueprint: face_bp -> /face
[2026-02-28 00:44:29,799] INFO in app: Registered blueprint: dashboard_bp -> /dashboard
[2026-02-28 00:44:34,994] INFO in app: OK Logging initialized.
[2026-02-28 00:44:35,055] INFO in app: OK Database tables ensured (Base.metadata.create_all).
[2026-02-28 00:44:35,059] INFO in app: Registered blueprint: auth_bp -> /auth
[2026-02-28 00:44:35,060] INFO in app: Registered blueprint: attendance_bp -> /attendance
[2026-02-28 00:44:35,062] INFO in app: Registered blueprint: schedule_bp -> /schedule
[2026-02-28 00:44:35,069] INFO in app: Registered blueprint: admin_bp -> /admin
[2026-02-28 00:44:35,070] INFO in app: Registered blueprint: face_bp -> /face
[2026-02-28 00:44:35,071] INFO in app: Registered blueprint: dashboard_bp -> /dashboard
[2026-02-28 00:44:39,983] INFO in app: OK Logging initialized.
[2026-02-28 00:44:40,049] INFO in app: OK Database tables ensured (Base.metadata.create_all).
[2026-02-28 00:44:40,053] INFO in app: Registered blueprint: auth_bp -> /auth
[2026-02-28 00:44:40,054] INFO in app: Registered blueprint: attendance_bp -> /attendance
[2026-02-28 00:44:40,057] INFO in app: Registered blueprint: schedule_bp -> /schedule
[2026-02-28 00:44:40,065] INFO in app: Registered blueprint: admin_bp -> /admin
[2026-02-28 00:44:40,067] INFO in app: Registered blueprint: face_bp -> /face
[2026-02-28 00:44:40,068] INFO in app: Registered blueprint: dashboard_bp -> /dashboard
[2026-02-28 00:44:49,429] INFO in app: OK Logging initialized.
[2026-02-28 00:44:49,497] INFO in app: OK Database tables ensured (Base.metadata.create_all).
[2026-02-28 00:44:49,500] INFO in app: Registered blueprint: auth_bp -> /auth
[2026-02-28 00:44:49,501] INFO in app: Registered blueprint: attendance_bp -> /attendance
[2026-02-28 00:44:49,503] INFO in app: Registered blueprint: schedule_bp -> /schedule
[2026-02-28 00:44:49,507] INFO in app: Registered blueprint: admin_bp -> /admin
[2026-02-28 00:44:49,508] INFO in app: Registered blueprint: face_bp -> /face
[2026-02-28 00:44:49,509] INFO in app: Registered blueprint: dashboard_bp -> /dashboard
[2026-02-28 00:44:58,290] INFO in app: OK Logging initialized.
[2026-02-28 00:44:58,372] INFO in app: OK Database tables ensured (Base.metadata.create_all).
[2026-02-28 00:44:58,377] INFO in app: Registered blueprint: auth_bp -> /auth
[2026-02-28 00:44:58,378] INFO in app: Registered blueprint: attendance_bp -> /attendance
[2026-02-28 00:44:58,382] INFO in app: Registered blueprint: schedule_bp -> /schedule
[2026-02-28 00:44:58,391] INFO in app: Registered blueprint: admin_bp -> /admin
[2026-02-28 00:44:58,392] INFO in app: Registered blueprint: face_bp -> /face
[2026-02-28 00:44:58,394] INFO in app: Registered blueprint: dashboard_bp -> /dashboard
[2026-03-01 13:54:45,870] INFO in app: OK Logging initialized.
[2026-03-01 13:54:45,990] INFO in app: OK Database tables ensured (Base.metadata.create_all).
[2026-03-01 13:54:45,991] INFO in app: Registered blueprint: auth_bp -> /auth
[2026-03-01 13:54:45,991] INFO in app: Registered blueprint: attendance_bp -> /attendance
[2026-03-01 13:54:45,991] INFO in app: Registered blueprint: schedule_bp -> /schedule
[2026-03-01 13:54:45,991] INFO in app: Registered blueprint: admin_bp -> /admin
[2026-03-01 13:54:45,991] INFO in app: Registered blueprint: face_bp -> /face
[2026-03-01 13:54:45,999] INFO in app: Registered blueprint: dashboard_bp -> /dashboard
[2026-03-01 13:54:48,744] INFO in app: OK Logging initialized.
[2026-03-01 13:54:48,793] INFO in app: OK Database tables ensured (Base.metadata.create_all).
[2026-03-01 13:54:48,793] INFO in app: Registered blueprint: auth_bp -> /auth
[2026-03-01 13:54:48,793] INFO in app: Registered blueprint: attendance_bp -> /attendance
[2026-03-01 13:54:48,804] INFO in app: Registered blueprint: schedule_bp -> /schedule
[2026-03-01 13:54:48,810] INFO in app: Registered blueprint: admin_bp -> /admin
[2026-03-01 13:54:48,811] INFO in app: Registered blueprint: face_bp -> /face
[2026-03-01 13:54:48,811] INFO in app: Registered blueprint: dashboard_bp -> /dashboard
[2026-03-01 15:01:28,053] INFO in app: OK Logging initialized.
[2026-03-01 15:01:28,104] INFO in app: OK Database tables ensured (Base.metadata.create_all).
[2026-03-01 15:01:28,104] INFO in app: Registered blueprint: auth_bp -> /auth
[2026-03-01 15:01:28,104] INFO in app: Registered blueprint: attendance_bp -> /attendance
[2026-03-01 15:01:28,104] INFO in app: Registered blueprint: schedule_bp -> /schedule
[2026-03-01 15:01:28,104] INFO in app: Registered blueprint: admin_bp -> /admin
[2026-03-01 15:01:28,104] INFO in app: Registered blueprint: face_bp -> /face
[2026-03-01 15:01:28,104] INFO in app: Registered blueprint: dashboard_bp -> /dashboard
[2026-03-01 15:01:30,308] INFO in app: OK Logging initialized.
[2026-03-01 15:01:30,335] INFO in app: OK Database tables ensured (Base.metadata.create_all).
[2026-03-01 15:01:30,350] INFO in app: Registered blueprint: auth_bp -> /auth
[2026-03-01 15:01:30,351] INFO in app: Registered blueprint: attendance_bp -> /attendance
[2026-03-01 15:01:30,353] INFO in app: Registered blueprint: schedule_bp -> /schedule
[2026-03-01 15:01:30,355] INFO in app: Registered blueprint: admin_bp -> /admin
[2026-03-01 15:01:30,355] INFO in app: Registered blueprint: face_bp -> /face
[2026-03-01 15:01:30,358] INFO in app: Registered blueprint: dashboard_bp -> /dashboard
[2026-03-01 15:18:30,627] INFO in app: OK Logging initialized.
[2026-03-01 15:18:30,680] INFO in app: OK Database tables ensured (Base.metadata.create_all).
[2026-03-01 15:18:30,683] INFO in app: Registered blueprint: auth_bp -> /auth
[2026-03-01 15:18:30,684] INFO in app: Registered blueprint: attendance_bp -> /attendance
[2026-03-01 15:18:30,686] INFO in app: Registered blueprint: schedule_bp -> /schedule
[2026-03-01 15:18:30,691] INFO in app: Registered blueprint: admin_bp -> /admin
[2026-03-01 15:18:30,693] INFO in app: Registered blueprint: face_bp -> /face
[2026-03-01 15:18:30,694] INFO in app: Registered blueprint: dashboard_bp -> /dashboard
[2026-03-01 15:18:32,924] INFO in app: OK Logging initialized.
[2026-03-01 15:18:32,979] INFO in app: OK Database tables ensured (Base.metadata.create_all).
[2026-03-01 15:18:32,979] INFO in app: Registered blueprint: auth_bp -> /auth
[2026-03-01 15:18:32,979] INFO in app: Registered blueprint: attendance_bp -> /attendance
[2026-03-01 15:18:32,979] INFO in app: Registered blueprint: schedule_bp -> /schedule
[2026-03-01 15:18:32,979] INFO in app: Registered blueprint: admin_bp -> /admin
[2026-03-01 15:18:32,979] INFO in app: Registered blueprint: face_bp -> /face
[2026-03-01 15:18:32,990] INFO in app: Registered blueprint: dashboard_bp -> /dashboard
[2026-03-01 19:53:34,052] INFO in app: OK Logging initialized.
[2026-03-01 19:53:34,134] INFO in app: OK Database tables ensured (Base.metadata.create_all).
[2026-03-01 19:53:34,134] INFO in app: Registered blueprint: auth_bp -> /auth
[2026-03-01 19:53:34,134] INFO in app: Registered blueprint: attendance_bp -> /attendance
[2026-03-01 19:53:34,134] INFO in app: Registered blueprint: schedule_bp -> /schedule
[2026-03-01 19:53:34,134] INFO in app: Registered blueprint: admin_bp -> /admin
[2026-03-01 19:53:34,134] INFO in app: Registered blueprint: face_bp -> /face
[2026-03-01 19:53:34,134] INFO in app: Registered blueprint: dashboard_bp -> /dashboard
[2026-03-01 19:53:36,915] INFO in app: OK Logging initialized.
[2026-03-01 19:53:36,966] INFO in app: OK Database tables ensured (Base.metadata.create_all).
[2026-03-01 19:53:36,968] INFO in app: Registered blueprint: auth_bp -> /auth
[2026-03-01 19:53:36,969] INFO in app: Registered blueprint: attendance_bp -> /attendance
[2026-03-01 19:53:36,971] INFO in app: Registered blueprint: schedule_bp -> /schedule
[2026-03-01 19:53:36,974] INFO in app: Registered blueprint: admin_bp -> /admin
[2026-03-01 19:53:36,975] INFO in app: Registered blueprint: face_bp -> /face
[2026-03-01 19:53:36,976] INFO in app: Registered blueprint: dashboard_bp -> /dashboard
[2026-03-01 20:15:52,054] INFO in app: OK Logging initialized.
[2026-03-01 20:15:52,105] INFO in app: OK Database tables ensured (Base.metadata.create_all).
[2026-03-01 20:15:52,107] INFO in app: Registered blueprint: auth_bp -> /auth
[2026-03-01 20:15:52,107] INFO in app: Registered blueprint: attendance_bp -> /attendance
[2026-03-01 20:15:52,107] INFO in app: Registered blueprint: schedule_bp -> /schedule
[2026-03-01 20:15:52,113] INFO in app: Registered blueprint: admin_bp -> /admin
[2026-03-01 20:15:52,114] INFO in app: Registered blueprint: face_bp -> /face
[2026-03-01 20:15:52,115] INFO in app: Registered blueprint: dashboard_bp -> /dashboard
[2026-03-01 20:15:54,601] INFO in app: OK Logging initialized.
[2026-03-01 20:15:54,649] INFO in app: OK Database tables ensured (Base.metadata.create_all).
[2026-03-01 20:15:54,650] INFO in app: Registered blueprint: auth_bp -> /auth
[2026-03-01 20:15:54,651] INFO in app: Registered blueprint: attendance_bp -> /attendance
[2026-03-01 20:15:54,653] INFO in app: Registered blueprint: schedule_bp -> /schedule
[2026-03-01 20:15:54,654] INFO in app: Registered blueprint: admin_bp -> /admin
[2026-03-01 20:15:54,654] INFO in app: Registered blueprint: face_bp -> /face
[2026-03-01 20:15:54,658] INFO in app: Registered blueprint: dashboard_bp -> /dashboard
[2026-03-02 06:28:42,506] INFO in app: OK Logging initialized.
[2026-03-02 06:28:42,591] INFO in app: OK Database tables ensured (Base.metadata.create_all).
[2026-03-02 06:28:42,591] INFO in app: Registered blueprint: auth_bp -> /auth
[2026-03-02 06:28:42,591] INFO in app: Registered blueprint: attendance_bp -> /attendance
[2026-03-02 06:28:42,591] INFO in app: Registered blueprint: schedule_bp -> /schedule
[2026-03-02 06:28:42,591] INFO in app: Registered blueprint: admin_bp -> /admin
[2026-03-02 06:28:42,591] INFO in app: Registered blueprint: face_bp -> /face
[2026-03-02 06:28:42,591] INFO in app: Registered blueprint: dashboard_bp -> /dashboard
[2026-03-02 06:28:44,960] INFO in app: OK Logging initialized.
[2026-03-02 06:28:45,028] INFO in app: OK Database tables ensured (Base.metadata.create_all).
[2026-03-02 06:28:45,029] INFO in app: Registered blueprint: auth_bp -> /auth
[2026-03-02 06:28:45,030] INFO in app: Registered blueprint: attendance_bp -> /attendance
[2026-03-02 06:28:45,032] INFO in app: Registered blueprint: schedule_bp -> /schedule
[2026-03-02 06:28:45,035] INFO in app: Registered blueprint: admin_bp -> /admin
[2026-03-02 06:28:45,036] INFO in app: Registered blueprint: face_bp -> /face
[2026-03-02 06:28:45,036] INFO in app: Registered blueprint: dashboard_bp -> /dashboard
[2026-03-02 07:03:10,660] INFO in app: OK Logging initialized.
[2026-03-02 07:03:10,740] INFO in app: OK Database tables ensured (Base.metadata.create_all).
[2026-03-02 07:03:10,740] INFO in app: Registered blueprint: auth_bp -> /auth
[2026-03-02 07:03:10,740] INFO in app: Registered blueprint: attendance_bp -> /attendance
[2026-03-02 07:03:10,740] INFO in app: Registered blueprint: schedule_bp -> /schedule
[2026-03-02 07:03:10,740] INFO in app: Registered blueprint: admin_bp -> /admin
[2026-03-02 07:03:10,740] INFO in app: Registered blueprint: face_bp -> /face
[2026-03-02 07:03:10,751] INFO in app: Registered blueprint: dashboard_bp -> /dashboard
[2026-03-02 07:03:18,736] INFO in app: OK Logging initialized.
[2026-03-02 07:03:18,771] INFO in app: OK Database tables ensured (Base.metadata.create_all).
[2026-03-02 07:03:18,773] INFO in app: Registered blueprint: auth_bp -> /auth
[2026-03-02 07:03:18,774] INFO in app: Registered blueprint: attendance_bp -> /attendance
[2026-03-02 07:03:18,775] INFO in app: Registered blueprint: schedule_bp -> /schedule
[2026-03-02 07:03:18,778] INFO in app: Registered blueprint: admin_bp -> /admin
[2026-03-02 07:03:18,779] INFO in app: Registered blueprint: face_bp -> /face
[2026-03-02 07:03:18,779] INFO in app: Registered blueprint: dashboard_bp -> /dashboard
[2026-03-02 07:04:03,097] INFO in app: OK Logging initialized.
[2026-03-02 07:04:03,148] INFO in app: OK Database tables ensured (Base.metadata.create_all).
[2026-03-02 07:04:03,149] INFO in app: Registered blueprint: auth_bp -> /auth
[2026-03-02 07:04:03,150] INFO in app: Registered blueprint: attendance_bp -> /attendance
[2026-03-02 07:04:03,151] INFO in app: Registered blueprint: schedule_bp -> /schedule
[2026-03-02 07:04:03,154] INFO in app: Registered blueprint: admin_bp -> /admin
[2026-03-02 07:04:03,155] INFO in app: Registered blueprint: face_bp -> /face
[2026-03-02 07:04:03,155] INFO in app: Registered blueprint: dashboard_bp -> /dashboard
[2026-03-02 07:07:55,029] INFO in app: OK Logging initialized.
[2026-03-02 07:07:55,081] INFO in app: OK Database tables ensured (Base.metadata.create_all).
[2026-03-02 07:07:55,081] INFO in app: Registered blueprint: auth_bp -> /auth
[2026-03-02 07:07:55,081] INFO in app: Registered blueprint: attendance_bp -> /attendance
[2026-03-02 07:07:55,081] INFO in app: Registered blueprint: schedule_bp -> /schedule
[2026-03-02 07:07:55,091] INFO in app: Registered blueprint: admin_bp -> /admin
[2026-03-02 07:07:55,092] INFO in app: Registered blueprint: face_bp -> /face
[2026-03-02 07:07:55,092] INFO in app: Registered blueprint: dashboard_bp -> /dashboard
[2026-03-02 07:07:57,527] INFO in app: OK Logging initialized.
[2026-03-02 07:07:57,589] INFO in app: OK Database tables ensured (Base.metadata.create_all).
[2026-03-02 07:07:57,589] INFO in app: Registered blueprint: auth_bp -> /auth
[2026-03-02 07:07:57,589] INFO in app: Registered blueprint: attendance_bp -> /attendance
[2026-03-02 07:07:57,589] INFO in app: Registered blueprint: schedule_bp -> /schedule
[2026-03-02 07:07:57,589] INFO in app: Registered blueprint: admin_bp -> /admin
[2026-03-02 07:07:57,589] INFO in app: Registered blueprint: face_bp -> /face
[2026-03-02 07:07:57,598] INFO in app: Registered blueprint: dashboard_bp -> /dashboard
[2026-03-02 07:12:43,117] INFO in app: OK Logging initialized.
[2026-03-02 07:12:43,177] INFO in app: OK Database tables ensured (Base.metadata.create_all).
[2026-03-02 07:12:43,179] INFO in app: Registered blueprint: auth_bp -> /auth
[2026-03-02 07:12:43,179] INFO in app: Registered blueprint: attendance_bp -> /attendance
[2026-03-02 07:12:43,181] INFO in app: Registered blueprint: schedule_bp -> /schedule
[2026-03-02 07:12:43,184] INFO in app: Registered blueprint: admin_bp -> /admin
[2026-03-02 07:12:43,185] INFO in app: Registered blueprint: face_bp -> /face
[2026-03-02 07:12:43,186] INFO in app: Registered blueprint: dashboard_bp -> /dashboard
[2026-03-02 07:26:56,269] INFO in app: OK Logging initialized.
[2026-03-02 07:26:56,326] INFO in app: OK Database tables ensured (Base.metadata.create_all).
[2026-03-02 07:26:56,326] INFO in app: Registered blueprint: auth_bp -> /auth
[2026-03-02 07:26:56,326] INFO in app: Registered blueprint: attendance_bp -> /attendance
[2026-03-02 07:26:56,326] INFO in app: Registered blueprint: schedule_bp -> /schedule
[2026-03-02 07:26:56,326] INFO in app: Registered blueprint: admin_bp -> /admin
[2026-03-02 07:26:56,326] INFO in app: Registered blueprint: face_bp -> /face
[2026-03-02 07:26:56,333] INFO in app: Registered blueprint: dashboard_bp -> /dashboard
[2026-03-02 07:26:58,711] INFO in app: OK Logging initialized.
[2026-03-02 07:26:58,752] INFO in app: OK Database tables ensured (Base.metadata.create_all).
[2026-03-02 07:26:58,752] INFO in app: Registered blueprint: auth_bp -> /auth
[2026-03-02 07:26:58,752] INFO in app: Registered blueprint: attendance_bp -> /attendance
[2026-03-02 07:26:58,768] INFO in app: Registered blueprint: schedule_bp -> /schedule
[2026-03-02 07:26:58,772] INFO in app: Registered blueprint: admin_bp -> /admin
[2026-03-02 07:26:58,772] INFO in app: Registered blueprint: face_bp -> /face
[2026-03-02 07:26:58,773] INFO in app: Registered blueprint: dashboard_bp -> /dashboard
[2026-03-02 07:45:28,585] INFO in app: OK Logging initialized.
[2026-03-02 07:45:28,623] INFO in app: OK Database tables ensured (Base.metadata.create_all).
[2026-03-02 07:45:28,623] INFO in app: Registered blueprint: auth_bp -> /auth
[2026-03-02 07:45:28,623] INFO in app: Registered blueprint: attendance_bp -> /attendance
[2026-03-02 07:45:28,623] INFO in app: Registered blueprint: schedule_bp -> /schedule
[2026-03-02 07:45:28,623] INFO in app: Registered blueprint: admin_bp -> /admin
[2026-03-02 07:45:28,623] INFO in app: Registered blueprint: face_bp -> /face
[2026-03-02 07:45:28,634] INFO in app: Registered blueprint: dashboard_bp -> /dashboard
[2026-03-02 07:45:31,111] INFO in app: OK Logging initialized.
[2026-03-02 07:45:31,154] INFO in app: OK Database tables ensured (Base.metadata.create_all).
[2026-03-02 07:45:31,154] INFO in app: Registered blueprint: auth_bp -> /auth
[2026-03-02 07:45:31,154] INFO in app: Registered blueprint: attendance_bp -> /attendance
[2026-03-02 07:45:31,154] INFO in app: Registered blueprint: schedule_bp -> /schedule
[2026-03-02 07:45:31,154] INFO in app: Registered blueprint: admin_bp -> /admin
[2026-03-02 07:45:31,169] INFO in app: Registered blueprint: face_bp -> /face
[2026-03-02 07:45:31,170] INFO in app: Registered blueprint: dashboard_bp -> /dashboard
[2026-03-02 07:48:57,638] INFO in app: OK Logging initialized.
[2026-03-02 07:48:57,701] INFO in app: OK Database tables ensured (Base.metadata.create_all).
[2026-03-02 07:48:57,701] INFO in app: Registered blueprint: auth_bp -> /auth
[2026-03-02 07:48:57,701] INFO in app: Registered blueprint: attendance_bp -> /attendance
[2026-03-02 07:48:57,701] INFO in app: Registered blueprint: schedule_bp -> /schedule
[2026-03-02 07:48:57,710] INFO in app: Registered blueprint: admin_bp -> /admin
[2026-03-02 07:48:57,710] INFO in app: Registered blueprint: face_bp -> /face
[2026-03-02 07:48:57,711] INFO in app: Registered blueprint: dashboard_bp -> /dashboard
[2026-03-02 07:52:51,937] INFO in app: OK Logging initialized.
[2026-03-02 07:52:51,992] INFO in app: OK Database tables ensured (Base.metadata.create_all).
[2026-03-02 07:52:51,992] INFO in app: Registered blueprint: auth_bp -> /auth
[2026-03-02 07:52:51,992] INFO in app: Registered blueprint: attendance_bp -> /attendance
[2026-03-02 07:52:51,992] INFO in app: Registered blueprint: schedule_bp -> /schedule
[2026-03-02 07:52:51,992] INFO in app: Registered blueprint: admin_bp -> /admin
[2026-03-02 07:52:51,992] INFO in app: Registered blueprint: face_bp -> /face
[2026-03-02 07:52:52,007] INFO in app: Registered blueprint: dashboard_bp -> /dashboard
[2026-03-02 07:52:56,762] INFO in app: OK Logging initialized.
[2026-03-02 07:52:56,806] INFO in app: OK Database tables ensured (Base.metadata.create_all).
[2026-03-02 07:52:56,808] INFO in app: Registered blueprint: auth_bp -> /auth
[2026-03-02 07:52:56,808] INFO in app: Registered blueprint: attendance_bp -> /attendance
[2026-03-02 07:52:56,808] INFO in app: Registered blueprint: schedule_bp -> /schedule
[2026-03-02 07:52:56,815] INFO in app: Registered blueprint: admin_bp -> /admin
[2026-03-02 07:52:56,815] INFO in app: Registered blueprint: face_bp -> /face
[2026-03-02 07:52:56,816] INFO in app: Registered blueprint: dashboard_bp -> /dashboard
[2026-03-02 07:53:11,439] INFO in app: OK Logging initialized.
[2026-03-02 07:53:11,485] INFO in app: OK Database tables ensured (Base.metadata.create_all).
[2026-03-02 07:53:11,487] INFO in app: Registered blueprint: auth_bp -> /auth
[2026-03-02 07:53:11,488] INFO in app: Registered blueprint: attendance_bp -> /attendance
[2026-03-02 07:53:11,490] INFO in app: Registered blueprint: schedule_bp -> /schedule
[2026-03-02 07:53:11,495] INFO in app: Registered blueprint: admin_bp -> /admin
[2026-03-02 07:53:11,496] INFO in app: Registered blueprint: face_bp -> /face
[2026-03-02 07:53:11,497] INFO in app: Registered blueprint: dashboard_bp -> /dashboard
[2026-03-02 07:53:14,074] INFO in app: OK Logging initialized.
[2026-03-02 07:53:14,155] INFO in app: OK Database tables ensured (Base.metadata.create_all).
[2026-03-02 07:53:14,155] INFO in app: Registered blueprint: auth_bp -> /auth
[2026-03-02 07:53:14,171] INFO in app: Registered blueprint: attendance_bp -> /attendance
[2026-03-02 07:53:14,173] INFO in app: Registered blueprint: schedule_bp -> /schedule
[2026-03-02 07:53:14,178] INFO in app: Registered blueprint: admin_bp -> /admin
[2026-03-02 07:53:14,181] INFO in app: Registered blueprint: face_bp -> /face
[2026-03-02 07:53:14,182] INFO in app: Registered blueprint: dashboard_bp -> /dashboard
[2026-03-02 08:03:13,431] INFO in app: OK Logging initialized.
[2026-03-02 08:03:13,473] INFO in app: OK Database tables ensured (Base.metadata.create_all).
[2026-03-02 08:03:13,474] INFO in app: Registered blueprint: auth_bp -> /auth
[2026-03-02 08:03:13,475] INFO in app: Registered blueprint: attendance_bp -> /attendance
[2026-03-02 08:03:13,476] INFO in app: Registered blueprint: schedule_bp -> /schedule
[2026-03-02 08:03:13,479] INFO in app: Registered blueprint: admin_bp -> /admin
[2026-03-02 08:03:13,480] INFO in app: Registered blueprint: face_bp -> /face
[2026-03-02 08:03:13,481] INFO in app: Registered blueprint: dashboard_bp -> /dashboard
[2026-03-02 08:04:49,829] INFO in app: OK Logging initialized.
[2026-03-02 08:04:49,870] INFO in app: OK Database tables ensured (Base.metadata.create_all).
[2026-03-02 08:04:49,872] INFO in app: Registered blueprint: auth_bp -> /auth
[2026-03-02 08:04:49,872] INFO in app: Registered blueprint: attendance_bp -> /attendance
[2026-03-02 08:04:49,875] INFO in app: Registered blueprint: schedule_bp -> /schedule
[2026-03-02 08:04:49,877] INFO in app: Registered blueprint: admin_bp -> /admin
[2026-03-02 08:04:49,878] INFO in app: Registered blueprint: face_bp -> /face
[2026-03-02 08:04:49,879] INFO in app: Registered blueprint: dashboard_bp -> /dashboard
[2026-03-02 08:05:03,040] INFO in app: OK Logging initialized.
[2026-03-02 08:05:03,077] INFO in app: OK Database tables ensured (Base.metadata.create_all).
[2026-03-02 08:05:03,084] INFO in app: Registered blueprint: auth_bp -> /auth
[2026-03-02 08:05:03,085] INFO in app: Registered blueprint: attendance_bp -> /attendance
[2026-03-02 08:05:03,086] INFO in app: Registered blueprint: schedule_bp -> /schedule
[2026-03-02 08:05:03,089] INFO in app: Registered blueprint: admin_bp -> /admin
[2026-03-02 08:05:03,091] INFO in app: Registered blueprint: face_bp -> /face
[2026-03-02 08:05:03,092] INFO in app: Registered blueprint: dashboard_bp -> /dashboard
[2026-03-02 08:05:05,504] INFO in app: OK Logging initialized.
[2026-03-02 08:05:05,561] INFO in app: OK Database tables ensured (Base.metadata.create_all).
[2026-03-02 08:05:05,561] INFO in app: Registered blueprint: auth_bp -> /auth
[2026-03-02 08:05:05,561] INFO in app: Registered blueprint: attendance_bp -> /attendance
[2026-03-02 08:05:05,561] INFO in app: Registered blueprint: schedule_bp -> /schedule
[2026-03-02 08:05:05,573] INFO in app: Registered blueprint: admin_bp -> /admin
[2026-03-02 08:05:05,576] INFO in app: Registered blueprint: face_bp -> /face
[2026-03-02 08:05:05,577] INFO in app: Registered blueprint: dashboard_bp -> /dashboard
[2026-03-02 08:10:15,034] INFO in app: OK Logging initialized.
[2026-03-02 08:10:15,087] INFO in app: OK Database tables ensured (Base.metadata.create_all).
[2026-03-02 08:10:15,087] INFO in app: Registered blueprint: auth_bp -> /auth
[2026-03-02 08:10:15,087] INFO in app: Registered blueprint: attendance_bp -> /attendance
[2026-03-02 08:10:15,087] INFO in app: Registered blueprint: schedule_bp -> /schedule
[2026-03-02 08:10:15,087] INFO in app: Registered blueprint: admin_bp -> /admin
[2026-03-02 08:10:15,087] INFO in app: Registered blueprint: face_bp -> /face
[2026-03-02 08:10:15,095] INFO in app: Registered blueprint: dashboard_bp -> /dashboard
[2026-03-02 08:10:17,409] INFO in app: OK Logging initialized.
[2026-03-02 08:10:17,464] INFO in app: OK Database tables ensured (Base.metadata.create_all).
[2026-03-02 08:10:17,464] INFO in app: Registered blueprint: auth_bp -> /auth
[2026-03-02 08:10:17,464] INFO in app: Registered blueprint: attendance_bp -> /attendance
[2026-03-02 08:10:17,464] INFO in app: Registered blueprint: schedule_bp -> /schedule
[2026-03-02 08:10:17,464] INFO in app: Registered blueprint: admin_bp -> /admin
[2026-03-02 08:10:17,464] INFO in app: Registered blueprint: face_bp -> /face
[2026-03-02 08:10:17,475] INFO in app: Registered blueprint: dashboard_bp -> /dashboard
[2026-03-02 16:24:06,530] INFO in app: OK Logging initialized.
[2026-03-02 16:24:06,597] INFO in app: OK Database tables ensured (Base.metadata.create_all).
[2026-03-02 16:24:06,601] INFO in app: Registered blueprint: auth_bp -> /auth
[2026-03-02 16:24:06,601] INFO in app: Registered blueprint: attendance_bp -> /attendance
[2026-03-02 16:24:06,601] INFO in app: Registered blueprint: schedule_bp -> /schedule
[2026-03-02 16:24:06,606] INFO in app: Registered blueprint: admin_bp -> /admin
[2026-03-02 16:24:06,607] INFO in app: Registered blueprint: face_bp -> /face
[2026-03-02 16:24:06,608] INFO in app: Registered blueprint: dashboard_bp -> /dashboard
[2026-03-02 16:24:09,121] INFO in app: OK Logging initialized.
[2026-03-02 16:24:09,154] INFO in app: OK Database tables ensured (Base.metadata.create_all).
[2026-03-02 16:24:09,154] INFO in app: Registered blueprint: auth_bp -> /auth
[2026-03-02 16:24:09,154] INFO in app: Registered blueprint: attendance_bp -> /attendance
[2026-03-02 16:24:09,154] INFO in app: Registered blueprint: schedule_bp -> /schedule
[2026-03-02 16:24:09,166] INFO in app: Registered blueprint: admin_bp -> /admin
[2026-03-02 16:24:09,166] INFO in app: Registered blueprint: face_bp -> /face
[2026-03-02 16:24:09,166] INFO in app: Registered blueprint: dashboard_bp -> /dashboard
[2026-03-03 07:30:46,624] INFO in app: OK Logging initialized.
[2026-03-03 07:30:46,719] INFO in app: OK Database tables ensured (Base.metadata.create_all).
[2026-03-03 07:30:46,722] INFO in app: Registered blueprint: auth_bp -> /auth
[2026-03-03 07:30:46,723] INFO in app: Registered blueprint: attendance_bp -> /attendance
[2026-03-03 07:30:46,723] INFO in app: Registered blueprint: schedule_bp -> /schedule
[2026-03-03 07:30:46,731] INFO in app: Registered blueprint: admin_bp -> /admin
[2026-03-03 07:30:46,732] INFO in app: Registered blueprint: face_bp -> /face
[2026-03-03 07:30:46,733] INFO in app: Registered blueprint: dashboard_bp -> /dashboard
[2026-03-03 07:30:50,898] INFO in app: OK Logging initialized.
[2026-03-03 07:30:50,967] INFO in app: OK Database tables ensured (Base.metadata.create_all).
[2026-03-03 07:30:50,970] INFO in app: Registered blueprint: auth_bp -> /auth
[2026-03-03 07:30:50,971] INFO in app: Registered blueprint: attendance_bp -> /attendance
[2026-03-03 07:30:50,972] INFO in app: Registered blueprint: schedule_bp -> /schedule
[2026-03-03 07:30:50,978] INFO in app: Registered blueprint: admin_bp -> /admin
[2026-03-03 07:30:50,980] INFO in app: Registered blueprint: face_bp -> /face
[2026-03-03 07:30:50,981] INFO in app: Registered blueprint: dashboard_bp -> /dashboard
[2026-03-03 07:47:01,730] INFO in app: OK Logging initialized.
[2026-03-03 07:47:01,822] INFO in app: OK Database tables ensured (Base.metadata.create_all).
[2026-03-03 07:47:01,822] INFO in app: Registered blueprint: auth_bp -> /auth
[2026-03-03 07:47:01,822] INFO in app: Registered blueprint: attendance_bp -> /attendance
[2026-03-03 07:47:01,832] INFO in app: Registered blueprint: schedule_bp -> /schedule
[2026-03-03 07:47:01,841] INFO in app: Registered blueprint: admin_bp -> /admin
[2026-03-03 07:47:01,843] INFO in app: Registered blueprint: face_bp -> /face
[2026-03-03 07:47:01,844] INFO in app: Registered blueprint: dashboard_bp -> /dashboard
[2026-03-03 07:47:22,337] INFO in app: OK Logging initialized.
[2026-03-03 07:47:22,399] INFO in app: OK Database tables ensured (Base.metadata.create_all).
[2026-03-03 07:47:22,402] INFO in app: Registered blueprint: auth_bp -> /auth
[2026-03-03 07:47:22,403] INFO in app: Registered blueprint: attendance_bp -> /attendance
[2026-03-03 07:47:22,405] INFO in app: Registered blueprint: schedule_bp -> /schedule
[2026-03-03 07:47:22,412] INFO in app: Registered blueprint: admin_bp -> /admin
[2026-03-03 07:47:22,414] INFO in app: Registered blueprint: face_bp -> /face
[2026-03-03 07:47:22,415] INFO in app: Registered blueprint: dashboard_bp -> /dashboard
[2026-03-03 07:47:33,817] INFO in app: OK Logging initialized.
[2026-03-03 07:47:33,888] INFO in app: OK Database tables ensured (Base.metadata.create_all).
[2026-03-03 07:47:33,891] INFO in app: Registered blueprint: auth_bp -> /auth
[2026-03-03 07:47:33,893] INFO in app: Registered blueprint: attendance_bp -> /attendance
[2026-03-03 07:47:33,893] INFO in app: Registered blueprint: schedule_bp -> /schedule
[2026-03-03 07:47:33,900] INFO in app: Registered blueprint: admin_bp -> /admin
[2026-03-03 07:47:33,902] INFO in app: Registered blueprint: face_bp -> /face
[2026-03-03 07:47:33,903] INFO in app: Registered blueprint: dashboard_bp -> /dashboard
[2026-03-03 07:48:17,419] INFO in app: OK Logging initialized.
[2026-03-03 07:48:17,482] INFO in app: OK Database tables ensured (Base.metadata.create_all).
[2026-03-03 07:48:17,482] INFO in app: Registered blueprint: auth_bp -> /auth
[2026-03-03 07:48:17,482] INFO in app: Registered blueprint: attendance_bp -> /attendance
[2026-03-03 07:48:17,482] INFO in app: Registered blueprint: schedule_bp -> /schedule
[2026-03-03 07:48:17,482] INFO in app: Registered blueprint: admin_bp -> /admin
[2026-03-03 07:48:17,498] INFO in app: Registered blueprint: face_bp -> /face
[2026-03-03 07:48:17,498] INFO in app: Registered blueprint: dashboard_bp -> /dashboard
[2026-03-03 07:48:24,721] INFO in app: OK Logging initialized.
[2026-03-03 07:48:24,772] INFO in app: OK Database tables ensured (Base.metadata.create_all).
[2026-03-03 07:48:24,774] INFO in app: Registered blueprint: auth_bp -> /auth
[2026-03-03 07:48:24,774] INFO in app: Registered blueprint: attendance_bp -> /attendance
[2026-03-03 07:48:24,777] INFO in app: Registered blueprint: schedule_bp -> /schedule
[2026-03-03 07:48:24,784] INFO in app: Registered blueprint: admin_bp -> /admin
[2026-03-03 07:48:24,785] INFO in app: Registered blueprint: face_bp -> /face
[2026-03-03 07:48:24,786] INFO in app: Registered blueprint: dashboard_bp -> /dashboard
[2026-03-03 07:48:51,328] INFO in app: OK Logging initialized.
[2026-03-03 07:48:51,390] INFO in app: OK Database tables ensured (Base.metadata.create_all).
[2026-03-03 07:48:51,393] INFO in app: Registered blueprint: auth_bp -> /auth
[2026-03-03 07:48:51,394] INFO in app: Registered blueprint: attendance_bp -> /attendance
[2026-03-03 07:48:51,397] INFO in app: Registered blueprint: schedule_bp -> /schedule
[2026-03-03 07:48:51,402] INFO in app: Registered blueprint: admin_bp -> /admin
[2026-03-03 07:48:51,406] INFO in app: Registered blueprint: face_bp -> /face
[2026-03-03 07:48:51,407] INFO in app: Registered blueprint: dashboard_bp -> /dashboard
[2026-03-03 07:49:01,742] INFO in app: OK Logging initialized.
[2026-03-03 07:49:01,804] INFO in app: OK Database tables ensured (Base.metadata.create_all).
[2026-03-03 07:49:01,808] INFO in app: Registered blueprint: auth_bp -> /auth
[2026-03-03 07:49:01,809] INFO in app: Registered blueprint: attendance_bp -> /attendance
[2026-03-03 07:49:01,813] INFO in app: Registered blueprint: schedule_bp -> /schedule
[2026-03-03 07:49:01,819] INFO in app: Registered blueprint: admin_bp -> /admin
[2026-03-03 07:49:01,821] INFO in app: Registered blueprint: face_bp -> /face
[2026-03-03 07:49:01,822] INFO in app: Registered blueprint: dashboard_bp -> /dashboard
[2026-03-03 07:49:39,664] INFO in app: OK Logging initialized.
[2026-03-03 07:49:39,738] INFO in app: OK Database tables ensured (Base.metadata.create_all).
[2026-03-03 07:49:39,738] INFO in app: Registered blueprint: auth_bp -> /auth
[2026-03-03 07:49:39,755] INFO in app: Registered blueprint: attendance_bp -> /attendance
[2026-03-03 07:49:39,760] INFO in app: Registered blueprint: schedule_bp -> /schedule
[2026-03-03 07:49:39,769] INFO in app: Registered blueprint: admin_bp -> /admin
[2026-03-03 07:49:39,771] INFO in app: Registered blueprint: face_bp -> /face
[2026-03-03 07:49:39,772] INFO in app: Registered blueprint: dashboard_bp -> /dashboard
[2026-03-03 07:49:45,083] INFO in app: OK Logging initialized.
[2026-03-03 07:49:45,152] INFO in app: OK Database tables ensured (Base.metadata.create_all).
[2026-03-03 07:49:45,154] INFO in app: Registered blueprint: auth_bp -> /auth
[2026-03-03 07:49:45,155] INFO in app: Registered blueprint: attendance_bp -> /attendance
[2026-03-03 07:49:45,155] INFO in app: Registered blueprint: schedule_bp -> /schedule
[2026-03-03 07:49:45,162] INFO in app: Registered blueprint: admin_bp -> /admin
[2026-03-03 07:49:45,162] INFO in app: Registered blueprint: face_bp -> /face
[2026-03-03 07:49:45,163] INFO in app: Registered blueprint: dashboard_bp -> /dashboard
[2026-03-03 07:50:58,259] INFO in app: OK Logging initialized.
[2026-03-03 07:50:58,315] INFO in app: OK Database tables ensured (Base.metadata.create_all).
[2026-03-03 07:50:58,315] INFO in app: Registered blueprint: auth_bp -> /auth
[2026-03-03 07:50:58,315] INFO in app: Registered blueprint: attendance_bp -> /attendance
[2026-03-03 07:50:58,327] INFO in app: Registered blueprint: schedule_bp -> /schedule
[2026-03-03 07:50:58,332] INFO in app: Registered blueprint: admin_bp -> /admin
[2026-03-03 07:50:58,335] INFO in app: Registered blueprint: face_bp -> /face
[2026-03-03 07:50:58,336] INFO in app: Registered blueprint: dashboard_bp -> /dashboard
[2026-03-03 07:51:01,751] INFO in app: OK Logging initialized.
[2026-03-03 07:51:01,812] INFO in app: OK Database tables ensured (Base.metadata.create_all).
[2026-03-03 07:51:01,812] INFO in app: Registered blueprint: auth_bp -> /auth
[2026-03-03 07:51:01,812] INFO in app: Registered blueprint: attendance_bp -> /attendance
[2026-03-03 07:51:01,822] INFO in app: Registered blueprint: schedule_bp -> /schedule
[2026-03-03 07:51:01,829] INFO in app: Registered blueprint: admin_bp -> /admin
[2026-03-03 07:51:01,829] INFO in app: Registered blueprint: face_bp -> /face
[2026-03-03 07:51:01,829] INFO in app: Registered blueprint: dashboard_bp -> /dashboard
[2026-03-03 08:53:27,577] INFO in app: OK Logging initialized.
[2026-03-03 08:53:27,651] INFO in app: OK Database tables ensured (Base.metadata.create_all).
[2026-03-03 08:53:27,653] INFO in app: Registered blueprint: auth_bp -> /auth
[2026-03-03 08:53:27,653] INFO in app: Registered blueprint: attendance_bp -> /attendance
[2026-03-03 08:53:27,653] INFO in app: Registered blueprint: schedule_bp -> /schedule
[2026-03-03 08:53:27,665] INFO in app: Registered blueprint: admin_bp -> /admin
[2026-03-03 08:53:27,667] INFO in app: Registered blueprint: face_bp -> /face
[2026-03-03 08:53:27,668] INFO in app: Registered blueprint: dashboard_bp -> /dashboard
[2026-03-03 08:53:31,360] INFO in app: OK Logging initialized.
[2026-03-03 08:53:31,426] INFO in app: OK Database tables ensured (Base.metadata.create_all).
[2026-03-03 08:53:31,431] INFO in app: Registered blueprint: auth_bp -> /auth
[2026-03-03 08:53:31,432] INFO in app: Registered blueprint: attendance_bp -> /attendance
[2026-03-03 08:53:31,435] INFO in app: Registered blueprint: schedule_bp -> /schedule
[2026-03-03 08:53:31,439] INFO in app: Registered blueprint: admin_bp -> /admin
[2026-03-03 08:53:31,440] INFO in app: Registered blueprint: face_bp -> /face
[2026-03-03 08:53:31,442] INFO in app: Registered blueprint: dashboard_bp -> /dashboard
[2026-03-03 09:02:12,623] INFO in app: OK Logging initialized.
[2026-03-03 09:02:12,677] INFO in app: OK Database tables ensured (Base.metadata.create_all).
[2026-03-03 09:02:12,680] INFO in app: Registered blueprint: auth_bp -> /auth
[2026-03-03 09:02:12,681] INFO in app: Registered blueprint: attendance_bp -> /attendance
[2026-03-03 09:02:12,683] INFO in app: Registered blueprint: schedule_bp -> /schedule
[2026-03-03 09:02:12,688] INFO in app: Registered blueprint: admin_bp -> /admin
[2026-03-03 09:02:12,690] INFO in app: Registered blueprint: face_bp -> /face
[2026-03-03 09:02:12,691] INFO in app: Registered blueprint: dashboard_bp -> /dashboard
[2026-03-03 09:02:25,079] INFO in app: OK Logging initialized.
[2026-03-03 09:02:25,140] INFO in app: OK Database tables ensured (Base.metadata.create_all).
[2026-03-03 09:02:25,144] INFO in app: Registered blueprint: auth_bp -> /auth
[2026-03-03 09:02:25,145] INFO in app: Registered blueprint: attendance_bp -> /attendance
[2026-03-03 09:02:25,149] INFO in app: Registered blueprint: schedule_bp -> /schedule
[2026-03-03 09:02:25,156] INFO in app: Registered blueprint: admin_bp -> /admin
[2026-03-03 09:02:25,158] INFO in app: Registered blueprint: face_bp -> /face
[2026-03-03 09:02:25,158] INFO in app: Registered blueprint: dashboard_bp -> /dashboard
[2026-03-03 09:07:41,390] INFO in app: OK Logging initialized.
[2026-03-03 09:07:41,463] INFO in app: OK Database tables ensured (Base.metadata.create_all).
[2026-03-03 09:07:41,467] INFO in app: Registered blueprint: auth_bp -> /auth
[2026-03-03 09:07:41,469] INFO in app: Registered blueprint: attendance_bp -> /attendance
[2026-03-03 09:07:41,471] INFO in app: Registered blueprint: schedule_bp -> /schedule
[2026-03-03 09:07:41,480] INFO in app: Registered blueprint: admin_bp -> /admin
[2026-03-03 09:07:41,482] INFO in app: Registered blueprint: face_bp -> /face
[2026-03-03 09:07:41,483] INFO in app: Registered blueprint: dashboard_bp -> /dashboard
[2026-03-03 09:07:46,659] INFO in app: OK Logging initialized.
[2026-03-03 09:07:46,715] INFO in app: OK Database tables ensured (Base.metadata.create_all).
[2026-03-03 09:07:46,722] INFO in app: Registered blueprint: auth_bp -> /auth
[2026-03-03 09:07:46,722] INFO in app: Registered blueprint: attendance_bp -> /attendance
[2026-03-03 09:07:46,722] INFO in app: Registered blueprint: schedule_bp -> /schedule
[2026-03-03 09:07:46,722] INFO in app: Registered blueprint: admin_bp -> /admin
[2026-03-03 09:07:46,722] INFO in app: Registered blueprint: face_bp -> /face
[2026-03-03 09:07:46,722] INFO in app: Registered blueprint: dashboard_bp -> /dashboard
[2026-03-03 09:07:52,033] INFO in app: OK Logging initialized.
[2026-03-03 09:07:52,081] INFO in app: OK Database tables ensured (Base.metadata.create_all).
[2026-03-03 09:07:52,081] INFO in app: Registered blueprint: auth_bp -> /auth
[2026-03-03 09:07:52,081] INFO in app: Registered blueprint: attendance_bp -> /attendance
[2026-03-03 09:07:52,081] INFO in app: Registered blueprint: schedule_bp -> /schedule
[2026-03-03 09:07:52,097] INFO in app: Registered blueprint: admin_bp -> /admin
[2026-03-03 09:07:52,097] INFO in app: Registered blueprint: face_bp -> /face
[2026-03-03 09:07:52,097] INFO in app: Registered blueprint: dashboard_bp -> /dashboard
[2026-03-03 09:08:17,180] INFO in app: OK Logging initialized.
[2026-03-03 09:08:17,236] INFO in app: OK Database tables ensured (Base.metadata.create_all).
[2026-03-03 09:08:17,240] INFO in app: Registered blueprint: auth_bp -> /auth
[2026-03-03 09:08:17,241] INFO in app: Registered blueprint: attendance_bp -> /attendance
[2026-03-03 09:08:17,245] INFO in app: Registered blueprint: schedule_bp -> /schedule
[2026-03-03 09:08:17,249] INFO in app: Registered blueprint: admin_bp -> /admin
[2026-03-03 09:08:17,250] INFO in app: Registered blueprint: face_bp -> /face
[2026-03-03 09:08:17,252] INFO in app: Registered blueprint: dashboard_bp -> /dashboard
[2026-03-03 09:08:35,080] INFO in app: OK Logging initialized.
[2026-03-03 09:08:35,150] INFO in app: OK Database tables ensured (Base.metadata.create_all).
[2026-03-03 09:08:35,153] INFO in app: Registered blueprint: auth_bp -> /auth
[2026-03-03 09:08:35,156] INFO in app: Registered blueprint: attendance_bp -> /attendance
[2026-03-03 09:08:35,160] INFO in app: Registered blueprint: schedule_bp -> /schedule
[2026-03-03 09:08:35,168] INFO in app: Registered blueprint: admin_bp -> /admin
[2026-03-03 09:08:35,170] INFO in app: Registered blueprint: face_bp -> /face
[2026-03-03 09:08:35,170] INFO in app: Registered blueprint: dashboard_bp -> /dashboard
[2026-03-03 09:08:58,927] INFO in app: OK Logging initialized.
[2026-03-03 09:08:58,984] INFO in app: OK Database tables ensured (Base.metadata.create_all).
[2026-03-03 09:08:58,988] INFO in app: Registered blueprint: auth_bp -> /auth
[2026-03-03 09:08:58,989] INFO in app: Registered blueprint: attendance_bp -> /attendance
[2026-03-03 09:08:58,992] INFO in app: Registered blueprint: schedule_bp -> /schedule
[2026-03-03 09:08:58,998] INFO in app: Registered blueprint: admin_bp -> /admin
[2026-03-03 09:08:59,000] INFO in app: Registered blueprint: face_bp -> /face
[2026-03-03 09:08:59,001] INFO in app: Registered blueprint: dashboard_bp -> /dashboard
[2026-03-03 09:09:21,733] INFO in app: OK Logging initialized.
[2026-03-03 09:09:21,788] INFO in app: OK Database tables ensured (Base.metadata.create_all).
[2026-03-03 09:09:21,790] INFO in app: Registered blueprint: auth_bp -> /auth
[2026-03-03 09:09:21,791] INFO in app: Registered blueprint: attendance_bp -> /attendance
[2026-03-03 09:09:21,793] INFO in app: Registered blueprint: schedule_bp -> /schedule
[2026-03-03 09:09:21,798] INFO in app: Registered blueprint: admin_bp -> /admin
[2026-03-03 09:09:21,799] INFO in app: Registered blueprint: face_bp -> /face
[2026-03-03 09:09:21,801] INFO in app: Registered blueprint: dashboard_bp -> /dashboard
[2026-03-03 09:24:09,483] INFO in app: OK Logging initialized.
[2026-03-03 09:24:09,551] INFO in app: OK Database tables ensured (Base.metadata.create_all).
[2026-03-03 09:24:09,551] INFO in app: Registered blueprint: auth_bp -> /auth
[2026-03-03 09:24:09,551] INFO in app: Registered blueprint: attendance_bp -> /attendance
[2026-03-03 09:24:09,551] INFO in app: Registered blueprint: schedule_bp -> /schedule
[2026-03-03 09:24:09,565] INFO in app: Registered blueprint: admin_bp -> /admin
[2026-03-03 09:24:09,566] INFO in app: Registered blueprint: face_bp -> /face
[2026-03-03 09:24:09,567] INFO in app: Registered blueprint: dashboard_bp -> /dashboard
[2026-03-03 09:24:13,064] INFO in app: OK Logging initialized.
[2026-03-03 09:24:13,130] INFO in app: OK Database tables ensured (Base.metadata.create_all).
[2026-03-03 09:24:13,130] INFO in app: Registered blueprint: auth_bp -> /auth
[2026-03-03 09:24:13,130] INFO in app: Registered blueprint: attendance_bp -> /attendance
[2026-03-03 09:24:13,138] INFO in app: Registered blueprint: schedule_bp -> /schedule
[2026-03-03 09:24:13,143] INFO in app: Registered blueprint: admin_bp -> /admin
[2026-03-03 09:24:13,143] INFO in app: Registered blueprint: face_bp -> /face
[2026-03-03 09:24:13,147] INFO in app: Registered blueprint: dashboard_bp -> /dashboard
[2026-03-03 09:30:28,813] INFO in app: OK Logging initialized.
[2026-03-03 09:30:28,866] INFO in app: OK Database tables ensured (Base.metadata.create_all).
[2026-03-03 09:30:28,870] INFO in app: Registered blueprint: auth_bp -> /auth
[2026-03-03 09:30:28,871] INFO in app: Registered blueprint: attendance_bp -> /attendance
[2026-03-03 09:30:28,873] INFO in app: Registered blueprint: schedule_bp -> /schedule
[2026-03-03 09:30:28,880] INFO in app: Registered blueprint: admin_bp -> /admin
[2026-03-03 09:30:28,882] INFO in app: Registered blueprint: face_bp -> /face
[2026-03-03 09:30:28,882] INFO in app: Registered blueprint: dashboard_bp -> /dashboard
[2026-03-03 09:33:59,143] INFO in app: OK Logging initialized.
[2026-03-03 09:33:59,199] INFO in app: OK Database tables ensured (Base.metadata.create_all).
[2026-03-03 09:33:59,216] INFO in app: Registered blueprint: auth_bp -> /auth
[2026-03-03 09:33:59,216] INFO in app: Registered blueprint: attendance_bp -> /attendance
[2026-03-03 09:33:59,220] INFO in app: Registered blueprint: schedule_bp -> /schedule
[2026-03-03 09:33:59,224] INFO in app: Registered blueprint: admin_bp -> /admin
[2026-03-03 09:33:59,225] INFO in app: Registered blueprint: face_bp -> /face
[2026-03-03 09:33:59,225] INFO in app: Registered blueprint: dashboard_bp -> /dashboard
[2026-03-03 09:34:02,904] INFO in app: OK Logging initialized.
[2026-03-03 09:34:02,967] INFO in app: OK Database tables ensured (Base.metadata.create_all).
[2026-03-03 09:34:03,017] INFO in app: Registered blueprint: auth_bp -> /auth
[2026-03-03 09:34:03,028] INFO in app: Registered blueprint: attendance_bp -> /attendance
[2026-03-03 09:34:03,030] INFO in app: Registered blueprint: schedule_bp -> /schedule
[2026-03-03 09:34:03,043] INFO in app: Registered blueprint: admin_bp -> /admin
[2026-03-03 09:34:03,054] INFO in app: Registered blueprint: face_bp -> /face
[2026-03-03 09:34:03,059] INFO in app: Registered blueprint: dashboard_bp -> /dashboard
[2026-03-03 09:39:11,731] INFO in app: OK Logging initialized.
[2026-03-03 09:39:11,776] INFO in app: OK Database tables ensured (Base.metadata.create_all).
[2026-03-03 09:39:11,776] INFO in app: Registered blueprint: auth_bp -> /auth
[2026-03-03 09:39:11,776] INFO in app: Registered blueprint: attendance_bp -> /attendance
[2026-03-03 09:39:11,792] INFO in app: Registered blueprint: schedule_bp -> /schedule
[2026-03-03 09:39:11,798] INFO in app: Registered blueprint: admin_bp -> /admin
[2026-03-03 09:39:11,799] INFO in app: Registered blueprint: face_bp -> /face
[2026-03-03 09:39:11,800] INFO in app: Registered blueprint: dashboard_bp -> /dashboard
[2026-03-03 09:39:15,356] INFO in app: OK Logging initialized.
[2026-03-03 09:39:15,408] INFO in app: OK Database tables ensured (Base.metadata.create_all).
[2026-03-03 09:39:15,408] INFO in app: Registered blueprint: auth_bp -> /auth
[2026-03-03 09:39:15,408] INFO in app: Registered blueprint: attendance_bp -> /attendance
[2026-03-03 09:39:15,422] INFO in app: Registered blueprint: schedule_bp -> /schedule
[2026-03-03 09:39:15,430] INFO in app: Registered blueprint: admin_bp -> /admin
[2026-03-03 09:39:15,431] INFO in app: Registered blueprint: face_bp -> /face
[2026-03-03 09:39:15,432] INFO in app: Registered blueprint: dashboard_bp -> /dashboard
[2026-03-03 16:49:40,824] INFO in app: OK Logging initialized.
[2026-03-03 16:49:40,978] INFO in app: OK Database tables ensured (Base.metadata.create_all).
[2026-03-03 16:49:40,978] INFO in app: Registered blueprint: auth_bp -> /auth
[2026-03-03 16:49:40,978] INFO in app: Registered blueprint: attendance_bp -> /attendance
[2026-03-03 16:49:40,978] INFO in app: Registered blueprint: schedule_bp -> /schedule
[2026-03-03 16:49:40,993] INFO in app: Registered blueprint: admin_bp -> /admin
[2026-03-03 16:49:40,993] INFO in app: Registered blueprint: face_bp -> /face
[2026-03-03 16:49:40,993] INFO in app: Registered blueprint: dashboard_bp -> /dashboard
[2026-03-03 16:49:44,463] INFO in app: OK Logging initialized.
[2026-03-03 16:49:44,514] INFO in app: OK Database tables ensured (Base.metadata.create_all).
[2026-03-03 16:49:44,514] INFO in app: Registered blueprint: auth_bp -> /auth
[2026-03-03 16:49:44,514] INFO in app: Registered blueprint: attendance_bp -> /attendance
[2026-03-03 16:49:44,528] INFO in app: Registered blueprint: schedule_bp -> /schedule
[2026-03-03 16:49:44,534] INFO in app: Registered blueprint: admin_bp -> /admin
[2026-03-03 16:49:44,535] INFO in app: Registered blueprint: face_bp -> /face
[2026-03-03 16:49:44,536] INFO in app: Registered blueprint: dashboard_bp -> /dashboard
[2026-03-04 04:54:25,715] INFO in app: OK Logging initialized.
[2026-03-04 04:54:25,809] INFO in app: OK Database tables ensured (Base.metadata.create_all).
[2026-03-04 04:54:25,809] INFO in app: Registered blueprint: auth_bp -> /auth
[2026-03-04 04:54:25,817] INFO in app: Registered blueprint: attendance_bp -> /attendance
[2026-03-04 04:54:25,817] INFO in app: Registered blueprint: schedule_bp -> /schedule
[2026-03-04 04:54:25,825] INFO in app: Registered blueprint: admin_bp -> /admin
[2026-03-04 04:54:25,828] INFO in app: Registered blueprint: face_bp -> /face
[2026-03-04 04:54:25,828] INFO in app: Registered blueprint: dashboard_bp -> /dashboard
[2026-03-04 04:54:30,500] INFO in app: OK Logging initialized.
[2026-03-04 04:54:30,555] INFO in app: OK Database tables ensured (Base.metadata.create_all).
[2026-03-04 04:54:30,555] INFO in app: Registered blueprint: auth_bp -> /auth
[2026-03-04 04:54:30,564] INFO in app: Registered blueprint: attendance_bp -> /attendance
[2026-03-04 04:54:30,568] INFO in app: Registered blueprint: schedule_bp -> /schedule
[2026-03-04 04:54:30,572] INFO in app: Registered blueprint: admin_bp -> /admin
[2026-03-04 04:54:30,572] INFO in app: Registered blueprint: face_bp -> /face
[2026-03-04 04:54:30,577] INFO in app: Registered blueprint: dashboard_bp -> /dashboard
[2026-03-04 05:54:16,977] INFO in app: OK Logging initialized.
[2026-03-04 05:54:17,076] INFO in app: OK Database tables ensured (Base.metadata.create_all).
[2026-03-04 05:54:17,076] INFO in app: Registered blueprint: auth_bp -> /auth
[2026-03-04 05:54:17,076] INFO in app: Registered blueprint: attendance_bp -> /attendance
[2026-03-04 05:54:17,076] INFO in app: Registered blueprint: schedule_bp -> /schedule
[2026-03-04 05:54:17,084] INFO in app: Registered blueprint: admin_bp -> /admin
[2026-03-04 05:54:17,092] INFO in app: Registered blueprint: face_bp -> /face
[2026-03-04 05:54:17,092] INFO in app: Registered blueprint: dashboard_bp -> /dashboard
[2026-03-04 05:54:20,916] INFO in app: OK Logging initialized.
[2026-03-04 05:54:20,981] INFO in app: OK Database tables ensured (Base.metadata.create_all).
[2026-03-04 05:54:20,991] INFO in app: Registered blueprint: auth_bp -> /auth
[2026-03-04 05:54:20,991] INFO in app: Registered blueprint: attendance_bp -> /attendance
[2026-03-04 05:54:20,994] INFO in app: Registered blueprint: schedule_bp -> /schedule
[2026-03-04 05:54:21,001] INFO in app: Registered blueprint: admin_bp -> /admin
[2026-03-04 05:54:21,001] INFO in app: Registered blueprint: face_bp -> /face
[2026-03-04 05:54:21,004] INFO in app: Registered blueprint: dashboard_bp -> /dashboard
[2026-03-05 06:51:42,531] INFO in app: OK Logging initialized.
[2026-03-05 06:51:42,698] INFO in app: OK Database tables ensured (Base.metadata.create_all).
[2026-03-05 06:51:42,698] INFO in app: Registered blueprint: auth_bp -> /auth
[2026-03-05 06:51:42,698] INFO in app: Registered blueprint: attendance_bp -> /attendance
[2026-03-05 06:51:42,698] INFO in app: Registered blueprint: schedule_bp -> /schedule
[2026-03-05 06:51:42,713] INFO in app: Registered blueprint: admin_bp -> /admin
[2026-03-05 06:51:42,713] INFO in app: Registered blueprint: face_bp -> /face
[2026-03-05 06:51:42,713] INFO in app: Registered blueprint: dashboard_bp -> /dashboard
[2026-03-05 06:51:49,158] INFO in app: OK Logging initialized.
[2026-03-05 06:51:49,242] INFO in app: OK Database tables ensured (Base.metadata.create_all).
[2026-03-05 06:51:49,242] INFO in app: Registered blueprint: auth_bp -> /auth
[2026-03-05 06:51:49,257] INFO in app: Registered blueprint: attendance_bp -> /attendance
[2026-03-05 06:51:49,258] INFO in app: Registered blueprint: schedule_bp -> /schedule
[2026-03-05 06:51:49,258] INFO in app: Registered blueprint: admin_bp -> /admin
[2026-03-05 06:51:49,258] INFO in app: Registered blueprint: face_bp -> /face
[2026-03-05 06:51:49,258] INFO in app: Registered blueprint: dashboard_bp -> /dashboard
[2026-03-05 06:52:31,138] INFO in app: OK Logging initialized.
[2026-03-05 06:52:31,197] INFO in app: OK Database tables ensured (Base.metadata.create_all).
[2026-03-05 06:52:31,197] INFO in app: Registered blueprint: auth_bp -> /auth
[2026-03-05 06:52:31,197] INFO in app: Registered blueprint: attendance_bp -> /attendance
[2026-03-05 06:52:31,207] INFO in app: Registered blueprint: schedule_bp -> /schedule
[2026-03-05 06:52:31,214] INFO in app: Registered blueprint: admin_bp -> /admin
[2026-03-05 06:52:31,215] INFO in app: Registered blueprint: face_bp -> /face
[2026-03-05 06:52:31,215] INFO in app: Registered blueprint: dashboard_bp -> /dashboard
[2026-03-05 06:52:34,624] INFO in app: OK Logging initialized.
[2026-03-05 06:52:34,674] INFO in app: OK Database tables ensured (Base.metadata.create_all).
[2026-03-05 06:52:34,676] INFO in app: Registered blueprint: auth_bp -> /auth
[2026-03-05 06:52:34,676] INFO in app: Registered blueprint: attendance_bp -> /attendance
[2026-03-05 06:52:34,676] INFO in app: Registered blueprint: schedule_bp -> /schedule
[2026-03-05 06:52:34,685] INFO in app: Registered blueprint: admin_bp -> /admin
[2026-03-05 06:52:34,687] INFO in app: Registered blueprint: face_bp -> /face
[2026-03-05 06:52:34,688] INFO in app: Registered blueprint: dashboard_bp -> /dashboard
[2026-03-05 08:42:37,676] INFO in app: OK Logging initialized.
[2026-03-05 08:42:37,729] INFO in app: OK Database tables ensured (Base.metadata.create_all).
[2026-03-05 08:42:37,729] INFO in app: Registered blueprint: auth_bp -> /auth
[2026-03-05 08:42:37,729] INFO in app: Registered blueprint: attendance_bp -> /attendance
[2026-03-05 08:42:37,738] INFO in app: Registered blueprint: schedule_bp -> /schedule
[2026-03-05 08:42:37,742] INFO in app: Registered blueprint: admin_bp -> /admin
[2026-03-05 08:42:37,744] INFO in app: Registered blueprint: face_bp -> /face
[2026-03-05 08:42:37,745] INFO in app: Registered blueprint: dashboard_bp -> /dashboard
[2026-03-05 08:42:41,299] INFO in app: OK Logging initialized.
[2026-03-05 08:42:41,365] INFO in app: OK Database tables ensured (Base.metadata.create_all).
[2026-03-05 08:42:41,365] INFO in app: Registered blueprint: auth_bp -> /auth
[2026-03-05 08:42:41,365] INFO in app: Registered blueprint: attendance_bp -> /attendance
[2026-03-05 08:42:41,377] INFO in app: Registered blueprint: schedule_bp -> /schedule
[2026-03-05 08:42:41,383] INFO in app: Registered blueprint: admin_bp -> /admin
[2026-03-05 08:42:41,384] INFO in app: Registered blueprint: face_bp -> /face
[2026-03-05 08:42:41,385] INFO in app: Registered blueprint: dashboard_bp -> /dashboard
[2026-03-05 10:53:16,554] INFO in app: OK Logging initialized.
[2026-03-05 10:53:16,658] INFO in app: OK Database tables ensured (Base.metadata.create_all).
[2026-03-05 10:53:16,663] INFO in app: Registered blueprint: auth_bp -> /auth
[2026-03-05 10:53:16,664] INFO in app: Registered blueprint: attendance_bp -> /attendance
[2026-03-05 10:53:16,668] INFO in app: Registered blueprint: schedule_bp -> /schedule
[2026-03-05 10:53:16,676] INFO in app: Registered blueprint: admin_bp -> /admin
[2026-03-05 10:53:16,676] INFO in app: Registered blueprint: face_bp -> /face
[2026-03-05 10:53:16,676] INFO in app: Registered blueprint: dashboard_bp -> /dashboard
[2026-03-05 10:53:20,733] INFO in app: OK Logging initialized.
[2026-03-05 10:53:20,785] INFO in app: OK Database tables ensured (Base.metadata.create_all).
[2026-03-05 10:53:20,802] INFO in app: Registered blueprint: auth_bp -> /auth
[2026-03-05 10:53:20,802] INFO in app: Registered blueprint: attendance_bp -> /attendance
[2026-03-05 10:53:20,802] INFO in app: Registered blueprint: schedule_bp -> /schedule
[2026-03-05 10:53:20,802] INFO in app: Registered blueprint: admin_bp -> /admin
[2026-03-05 10:53:20,802] INFO in app: Registered blueprint: face_bp -> /face
[2026-03-05 10:53:20,802] INFO in app: Registered blueprint: dashboard_bp -> /dashboard
[2026-03-05 10:54:19,286] INFO in app: OK Logging initialized.
[2026-03-05 10:54:19,354] INFO in app: OK Database tables ensured (Base.metadata.create_all).
[2026-03-05 10:54:19,354] INFO in app: Registered blueprint: auth_bp -> /auth
[2026-03-05 10:54:19,354] INFO in app: Registered blueprint: attendance_bp -> /attendance
[2026-03-05 10:54:19,354] INFO in app: Registered blueprint: schedule_bp -> /schedule
[2026-03-05 10:54:19,369] INFO in app: Registered blueprint: admin_bp -> /admin
[2026-03-05 10:54:19,371] INFO in app: Registered blueprint: face_bp -> /face
[2026-03-05 10:54:19,372] INFO in app: Registered blueprint: dashboard_bp -> /dashboard
[2026-03-05 10:54:24,530] INFO in app: OK Logging initialized.
[2026-03-05 10:54:24,618] INFO in app: OK Database tables ensured (Base.metadata.create_all).
[2026-03-05 10:54:24,633] INFO in app: Registered blueprint: auth_bp -> /auth
[2026-03-05 10:54:24,634] INFO in app: Registered blueprint: attendance_bp -> /attendance
[2026-03-05 10:54:24,638] INFO in app: Registered blueprint: schedule_bp -> /schedule
[2026-03-05 10:54:24,643] INFO in app: Registered blueprint: admin_bp -> /admin
[2026-03-05 10:54:24,643] INFO in app: Registered blueprint: face_bp -> /face
[2026-03-05 10:54:24,649] INFO in app: Registered blueprint: dashboard_bp -> /dashboard
[2026-03-05 16:03:25,038] INFO in app: OK Logging initialized.
[2026-03-05 16:03:25,135] INFO in app: OK Database tables ensured (Base.metadata.create_all).
[2026-03-05 16:03:25,137] INFO in app: Registered blueprint: auth_bp -> /auth
[2026-03-05 16:03:25,138] INFO in app: Registered blueprint: attendance_bp -> /attendance
[2026-03-05 16:03:25,141] INFO in app: Registered blueprint: schedule_bp -> /schedule
[2026-03-05 16:03:25,145] INFO in app: Registered blueprint: admin_bp -> /admin
[2026-03-05 16:03:25,145] INFO in app: Registered blueprint: face_bp -> /face
[2026-03-05 16:03:25,146] INFO in app: Registered blueprint: dashboard_bp -> /dashboard
[2026-03-05 16:03:28,232] INFO in app: OK Logging initialized.
[2026-03-05 16:03:28,282] INFO in app: OK Database tables ensured (Base.metadata.create_all).
[2026-03-05 16:03:28,282] INFO in app: Registered blueprint: auth_bp -> /auth
[2026-03-05 16:03:28,282] INFO in app: Registered blueprint: attendance_bp -> /attendance
[2026-03-05 16:03:28,282] INFO in app: Registered blueprint: schedule_bp -> /schedule
[2026-03-05 16:03:28,290] INFO in app: Registered blueprint: admin_bp -> /admin
[2026-03-05 16:03:28,291] INFO in app: Registered blueprint: face_bp -> /face
[2026-03-05 16:03:28,292] INFO in app: Registered blueprint: dashboard_bp -> /dashboard
[2026-03-05 16:58:50,261] INFO in app: OK Logging initialized.
[2026-03-05 16:58:50,324] INFO in app: OK Database tables ensured (Base.metadata.create_all).
[2026-03-05 16:58:50,325] INFO in app: Registered blueprint: auth_bp -> /auth
[2026-03-05 16:58:50,326] INFO in app: Registered blueprint: attendance_bp -> /attendance
[2026-03-05 16:58:50,328] INFO in app: Registered blueprint: schedule_bp -> /schedule
[2026-03-05 16:58:50,331] INFO in app: Registered blueprint: admin_bp -> /admin
[2026-03-05 16:58:50,331] INFO in app: Registered blueprint: face_bp -> /face
[2026-03-05 16:58:50,333] INFO in app: Registered blueprint: dashboard_bp -> /dashboard
[2026-03-05 16:58:52,764] INFO in app: OK Logging initialized.
[2026-03-05 16:58:52,830] INFO in app: OK Database tables ensured (Base.metadata.create_all).
[2026-03-05 16:58:52,832] INFO in app: Registered blueprint: auth_bp -> /auth
[2026-03-05 16:58:52,833] INFO in app: Registered blueprint: attendance_bp -> /attendance
[2026-03-05 16:58:52,835] INFO in app: Registered blueprint: schedule_bp -> /schedule
[2026-03-05 16:58:52,839] INFO in app: Registered blueprint: admin_bp -> /admin
[2026-03-05 16:58:52,840] INFO in app: Registered blueprint: face_bp -> /face
[2026-03-05 16:58:52,841] INFO in app: Registered blueprint: dashboard_bp -> /dashboard
[2026-03-06 05:54:01,060] INFO in app: OK Logging initialized.
[2026-03-06 05:54:01,183] INFO in app: OK Database tables ensured (Base.metadata.create_all).
[2026-03-06 05:54:01,183] INFO in app: Registered blueprint: auth_bp -> /auth
[2026-03-06 05:54:01,183] INFO in app: Registered blueprint: attendance_bp -> /attendance
[2026-03-06 05:54:01,183] INFO in app: Registered blueprint: schedule_bp -> /schedule
[2026-03-06 05:54:01,183] INFO in app: Registered blueprint: admin_bp -> /admin
[2026-03-06 05:54:01,183] INFO in app: Registered blueprint: face_bp -> /face
[2026-03-06 05:54:01,194] INFO in app: Registered blueprint: dashboard_bp -> /dashboard
[2026-03-06 05:54:03,854] INFO in app: OK Logging initialized.
[2026-03-06 05:54:03,898] INFO in app: OK Database tables ensured (Base.metadata.create_all).
[2026-03-06 05:54:03,903] INFO in app: Registered blueprint: auth_bp -> /auth
[2026-03-06 05:54:03,903] INFO in app: Registered blueprint: attendance_bp -> /attendance
[2026-03-06 05:54:03,903] INFO in app: Registered blueprint: schedule_bp -> /schedule
[2026-03-06 05:54:03,903] INFO in app: Registered blueprint: admin_bp -> /admin
[2026-03-06 05:54:03,903] INFO in app: Registered blueprint: face_bp -> /face
[2026-03-06 05:54:03,903] INFO in app: Registered blueprint: dashboard_bp -> /dashboard
[2026-03-09 09:06:44,721] INFO in app: OK Logging initialized.
[2026-03-09 09:06:44,834] INFO in app: OK Database tables ensured (Base.metadata.create_all).
[2026-03-09 09:06:44,834] INFO in app: Registered blueprint: auth_bp -> /auth
[2026-03-09 09:06:44,834] INFO in app: Registered blueprint: attendance_bp -> /attendance
[2026-03-09 09:06:44,834] INFO in app: Registered blueprint: schedule_bp -> /schedule
[2026-03-09 09:06:44,842] INFO in app: Registered blueprint: admin_bp -> /admin
[2026-03-09 09:06:44,842] INFO in app: Registered blueprint: face_bp -> /face
[2026-03-09 09:06:44,846] INFO in app: Registered blueprint: dashboard_bp -> /dashboard
[2026-03-09 09:06:47,469] INFO in app: OK Logging initialized.
[2026-03-09 09:06:47,523] INFO in app: OK Database tables ensured (Base.metadata.create_all).
[2026-03-09 09:06:47,523] INFO in app: Registered blueprint: auth_bp -> /auth
[2026-03-09 09:06:47,523] INFO in app: Registered blueprint: attendance_bp -> /attendance
[2026-03-09 09:06:47,523] INFO in app: Registered blueprint: schedule_bp -> /schedule
[2026-03-09 09:06:47,537] INFO in app: Registered blueprint: admin_bp -> /admin
[2026-03-09 09:06:47,537] INFO in app: Registered blueprint: face_bp -> /face
[2026-03-09 09:06:47,537] INFO in app: Registered blueprint: dashboard_bp -> /dashboard
[2026-03-09 09:43:48,627] INFO in app: OK Logging initialized.
[2026-03-09 09:43:48,676] INFO in app: OK Database tables ensured (Base.metadata.create_all).
[2026-03-09 09:43:48,681] INFO in app: Registered blueprint: auth_bp -> /auth
[2026-03-09 09:43:48,681] INFO in app: Registered blueprint: attendance_bp -> /attendance
[2026-03-09 09:43:48,681] INFO in app: Registered blueprint: schedule_bp -> /schedule
[2026-03-09 09:43:48,689] INFO in app: Registered blueprint: admin_bp -> /admin
[2026-03-09 09:43:48,689] INFO in app: Registered blueprint: face_bp -> /face
[2026-03-09 09:43:48,689] INFO in app: Registered blueprint: dashboard_bp -> /dashboard
[2026-03-09 09:43:51,091] INFO in app: OK Logging initialized.
[2026-03-09 09:43:51,135] INFO in app: OK Database tables ensured (Base.metadata.create_all).
[2026-03-09 09:43:51,135] INFO in app: Registered blueprint: auth_bp -> /auth
[2026-03-09 09:43:51,135] INFO in app: Registered blueprint: attendance_bp -> /attendance
[2026-03-09 09:43:51,142] INFO in app: Registered blueprint: schedule_bp -> /schedule
[2026-03-09 09:43:51,144] INFO in app: Registered blueprint: admin_bp -> /admin
[2026-03-09 09:43:51,144] INFO in app: Registered blueprint: face_bp -> /face
[2026-03-09 09:43:51,144] INFO in app: Registered blueprint: dashboard_bp -> /dashboard
[2026-03-17 07:32:56,496] INFO in app: OK Logging initialized.
[2026-03-17 07:32:56,548] INFO in app: OK Database tables ensured (Base.metadata.create_all).
[2026-03-17 07:32:56,548] INFO in app: Registered blueprint: auth_bp -> /auth
[2026-03-17 07:32:56,548] INFO in app: Registered blueprint: attendance_bp -> /attendance
[2026-03-17 07:32:56,559] INFO in app: Registered blueprint: schedule_bp -> /schedule
[2026-03-17 07:32:56,565] INFO in app: Registered blueprint: admin_bp -> /admin
[2026-03-17 07:32:56,565] INFO in app: Registered blueprint: face_bp -> /face
[2026-03-17 07:32:56,566] INFO in app: Registered blueprint: dashboard_bp -> /dashboard
[2026-03-17 07:33:01,208] INFO in app: OK Logging initialized.
[2026-03-17 07:33:01,273] INFO in app: OK Database tables ensured (Base.metadata.create_all).
[2026-03-17 07:33:01,273] INFO in app: Registered blueprint: auth_bp -> /auth
[2026-03-17 07:33:01,273] INFO in app: Registered blueprint: attendance_bp -> /attendance
[2026-03-17 07:33:01,273] INFO in app: Registered blueprint: schedule_bp -> /schedule
[2026-03-17 07:33:01,282] INFO in app: Registered blueprint: admin_bp -> /admin
[2026-03-17 07:33:01,283] INFO in app: Registered blueprint: face_bp -> /face
[2026-03-17 07:33:01,284] INFO in app: Registered blueprint: dashboard_bp -> /dashboard
[2026-03-17 07:50:18,036] INFO in app: OK Logging initialized.
[2026-03-17 07:50:18,119] INFO in app: OK Database tables ensured (Base.metadata.create_all).
[2026-03-17 07:50:18,133] INFO in app: Registered blueprint: auth_bp -> /auth
[2026-03-17 07:50:18,151] INFO in app: Registered blueprint: attendance_bp -> /attendance
[2026-03-17 07:50:18,172] INFO in app: Registered blueprint: schedule_bp -> /schedule
[2026-03-17 07:50:18,187] INFO in app: Registered blueprint: admin_bp -> /admin
[2026-03-17 07:50:18,208] INFO in app: Registered blueprint: face_bp -> /face
[2026-03-17 07:50:18,254] INFO in app: Registered blueprint: dashboard_bp -> /dashboard
[2026-03-17 07:50:22,200] INFO in app: OK Logging initialized.
[2026-03-17 07:50:22,283] INFO in app: OK Database tables ensured (Base.metadata.create_all).
[2026-03-17 07:50:22,315] INFO in app: Registered blueprint: auth_bp -> /auth
[2026-03-17 07:50:22,331] INFO in app: Registered blueprint: attendance_bp -> /attendance
[2026-03-17 07:50:22,355] INFO in app: Registered blueprint: schedule_bp -> /schedule
[2026-03-17 07:50:22,382] INFO in app: Registered blueprint: admin_bp -> /admin
[2026-03-17 07:50:22,390] INFO in app: Registered blueprint: face_bp -> /face
[2026-03-17 07:50:22,415] INFO in app: Registered blueprint: dashboard_bp -> /dashboard
[2026-03-21 06:51:33,342] INFO in app: OK Logging initialized.
[2026-03-21 06:51:33,510] INFO in app: OK Database tables ensured (Base.metadata.create_all).
[2026-03-21 06:51:33,526] INFO in app: Registered blueprint: auth_bp -> /auth
[2026-03-21 06:51:33,526] INFO in app: Registered blueprint: attendance_bp -> /attendance
[2026-03-21 06:51:33,561] INFO in app: Registered blueprint: schedule_bp -> /schedule
[2026-03-21 06:51:33,575] INFO in app: Registered blueprint: admin_bp -> /admin
[2026-03-21 06:51:33,591] INFO in app: Registered blueprint: face_bp -> /face
[2026-03-21 06:51:33,608] INFO in app: Registered blueprint: dashboard_bp -> /dashboard
[2026-03-21 06:51:38,297] INFO in app: OK Logging initialized.
[2026-03-21 06:51:38,411] INFO in app: OK Database tables ensured (Base.metadata.create_all).
[2026-03-21 06:51:38,428] INFO in app: Registered blueprint: auth_bp -> /auth
[2026-03-21 06:51:38,460] INFO in app: Registered blueprint: attendance_bp -> /attendance
[2026-03-21 06:51:38,477] INFO in app: Registered blueprint: schedule_bp -> /schedule
[2026-03-21 06:51:38,524] INFO in app: Registered blueprint: admin_bp -> /admin
[2026-03-21 06:51:38,558] INFO in app: Registered blueprint: face_bp -> /face
[2026-03-21 06:51:38,587] INFO in app: Registered blueprint: dashboard_bp -> /dashboard
[2026-03-21 06:54:49,127] INFO in app: OK Logging initialized.
[2026-03-21 06:54:49,415] INFO in app: OK Database tables ensured (Base.metadata.create_all).
[2026-03-21 06:54:49,439] INFO in app: Registered blueprint: auth_bp -> /auth
[2026-03-21 06:54:49,463] INFO in app: Registered blueprint: attendance_bp -> /attendance
[2026-03-21 06:54:49,487] INFO in app: Registered blueprint: schedule_bp -> /schedule
[2026-03-21 06:54:49,503] INFO in app: Registered blueprint: admin_bp -> /admin
[2026-03-21 06:54:49,527] INFO in app: Registered blueprint: face_bp -> /face
[2026-03-21 06:54:49,535] INFO in app: Registered blueprint: dashboard_bp -> /dashboard
[2026-03-21 06:54:54,334] INFO in app: OK Logging initialized.
[2026-03-21 06:54:54,526] INFO in app: OK Database tables ensured (Base.metadata.create_all).
[2026-03-21 06:54:54,558] INFO in app: Registered blueprint: auth_bp -> /auth
[2026-03-21 06:54:54,566] INFO in app: Registered blueprint: attendance_bp -> /attendance
[2026-03-21 06:54:54,590] INFO in app: Registered blueprint: schedule_bp -> /schedule
[2026-03-21 06:54:54,638] INFO in app: Registered blueprint: admin_bp -> /admin
[2026-03-21 06:54:54,678] INFO in app: Registered blueprint: face_bp -> /face
[2026-03-21 06:54:54,710] INFO in app: Registered blueprint: dashboard_bp -> /dashboard
[2026-03-21 07:01:00,663] INFO in app: OK Logging initialized.
[2026-03-21 07:01:00,760] INFO in app: OK Database tables ensured (Base.metadata.create_all).
[2026-03-21 07:01:00,776] INFO in app: Registered blueprint: auth_bp -> /auth
[2026-03-21 07:01:00,792] INFO in app: Registered blueprint: attendance_bp -> /attendance
[2026-03-21 07:01:00,816] INFO in app: Registered blueprint: schedule_bp -> /schedule
[2026-03-21 07:01:00,845] INFO in app: Registered blueprint: admin_bp -> /admin
[2026-03-21 07:01:00,860] INFO in app: Registered blueprint: face_bp -> /face
[2026-03-21 07:01:00,885] INFO in app: Registered blueprint: dashboard_bp -> /dashboard
[2026-03-21 07:01:05,257] INFO in app: OK Logging initialized.
[2026-03-21 07:01:05,356] INFO in app: OK Database tables ensured (Base.metadata.create_all).
[2026-03-21 07:01:05,379] INFO in app: Registered blueprint: auth_bp -> /auth
[2026-03-21 07:01:05,420] INFO in app: Registered blueprint: attendance_bp -> /attendance
[2026-03-21 07:01:05,448] INFO in app: Registered blueprint: schedule_bp -> /schedule
[2026-03-21 07:01:05,492] INFO in app: Registered blueprint: admin_bp -> /admin
[2026-03-21 07:01:05,560] INFO in app: Registered blueprint: face_bp -> /face
[2026-03-21 07:01:05,600] INFO in app: Registered blueprint: dashboard_bp -> /dashboard
[2026-04-03 20:15:59,239] INFO in app: OK Logging initialized.
[2026-04-03 20:15:59,301] INFO in app: OK Database tables ensured (Base.metadata.create_all).
[2026-04-03 20:15:59,322] INFO in app: Registered blueprint: auth_bp -> /auth
[2026-04-03 20:15:59,323] INFO in app: Registered blueprint: attendance_bp -> /attendance
[2026-04-03 20:15:59,339] INFO in app: Registered blueprint: admin_bp -> /admin
[2026-04-03 20:15:59,370] INFO in app: Registered blueprint: dashboard_bp -> /dashboard
[2026-04-03 20:15:59,384] INFO in app: Registered blueprint: branches_bp -> /branches
[2026-04-03 20:16:03,552] INFO in app: OK Logging initialized.
[2026-04-03 20:16:03,682] INFO in app: OK Database tables ensured (Base.metadata.create_all).
[2026-04-03 20:16:03,710] INFO in app: Registered blueprint: auth_bp -> /auth
[2026-04-03 20:16:03,724] INFO in app: Registered blueprint: attendance_bp -> /attendance
[2026-04-03 20:16:03,746] INFO in app: Registered blueprint: admin_bp -> /admin
[2026-04-03 20:16:03,760] INFO in app: Registered blueprint: dashboard_bp -> /dashboard
[2026-04-03 20:16:03,803] INFO in app: Registered blueprint: branches_bp -> /branches
[2026-04-03 20:46:27,454] INFO in app: OK Logging initialized.
[2026-04-03 20:46:27,487] INFO in app: OK Database tables ensured (Base.metadata.create_all).
[2026-04-03 20:46:27,505] INFO in app: Registered blueprint: auth_bp -> /auth
[2026-04-03 20:46:27,524] INFO in app: Registered blueprint: attendance_bp -> /attendance
[2026-04-03 20:46:27,536] INFO in app: Registered blueprint: admin_bp -> /admin
[2026-04-03 20:46:27,536] INFO in app: Registered blueprint: dashboard_bp -> /dashboard
[2026-04-03 20:46:27,541] INFO in app: Registered blueprint: branches_bp -> /branches
[2026-04-03 20:46:33,584] INFO in app: OK Logging initialized.
[2026-04-03 20:46:33,885] INFO in app: OK Database tables ensured (Base.metadata.create_all).
[2026-04-03 20:46:33,925] INFO in app: Registered blueprint: auth_bp -> /auth
[2026-04-03 20:46:34,001] INFO in app: Registered blueprint: attendance_bp -> /attendance
[2026-04-03 20:46:34,084] INFO in app: Registered blueprint: admin_bp -> /admin
[2026-04-03 20:46:34,157] INFO in app: Registered blueprint: dashboard_bp -> /dashboard
[2026-04-03 20:46:34,230] INFO in app: Registered blueprint: branches_bp -> /branches
[2026-04-03 21:07:05,807] INFO in app: OK Logging initialized.
[2026-04-03 21:07:06,020] INFO in app: OK Database tables ensured (Base.metadata.create_all).
[2026-04-03 21:07:06,077] INFO in app: Registered blueprint: auth_bp -> /auth
[2026-04-03 21:07:06,156] INFO in app: Registered blueprint: attendance_bp -> /attendance
[2026-04-03 21:07:06,237] INFO in app: Registered blueprint: admin_bp -> /admin
[2026-04-03 21:07:06,320] INFO in app: Registered blueprint: dashboard_bp -> /dashboard
[2026-04-03 21:07:06,389] INFO in app: Registered blueprint: branches_bp -> /branches
[2026-04-03 21:07:10,551] INFO in app: OK Logging initialized.
[2026-04-03 21:07:10,634] INFO in app: OK Database tables ensured (Base.metadata.create_all).
[2026-04-03 21:07:10,682] INFO in app: Registered blueprint: auth_bp -> /auth
[2026-04-03 21:07:10,766] INFO in app: Registered blueprint: attendance_bp -> /attendance
[2026-04-03 21:07:10,856] INFO in app: Registered blueprint: admin_bp -> /admin
[2026-04-03 21:07:10,933] INFO in app: Registered blueprint: dashboard_bp -> /dashboard
[2026-04-03 21:07:11,044] INFO in app: Registered blueprint: branches_bp -> /branches
[2026-04-04 12:05:43,692] INFO in app: OK Logging initialized.
[2026-04-04 12:05:43,931] INFO in app: OK Database tables ensured (Base.metadata.create_all).
[2026-04-04 12:05:43,976] INFO in app: Registered blueprint: auth_bp -> /auth
[2026-04-04 12:05:44,049] INFO in app: Registered blueprint: attendance_bp -> /attendance
[2026-04-04 12:05:44,103] INFO in app: Registered blueprint: admin_bp -> /admin
[2026-04-04 12:05:44,118] INFO in app: Registered blueprint: dashboard_bp -> /dashboard
[2026-04-04 12:05:44,125] INFO in app: Registered blueprint: branches_bp -> /branches
[2026-04-04 12:05:49,164] INFO in app: OK Logging initialized.
[2026-04-04 12:05:49,232] INFO in app: OK Database tables ensured (Base.metadata.create_all).
[2026-04-04 12:05:49,259] INFO in app: Registered blueprint: auth_bp -> /auth
[2026-04-04 12:05:49,343] INFO in app: Registered blueprint: attendance_bp -> /attendance
[2026-04-04 12:05:49,426] INFO in app: Registered blueprint: admin_bp -> /admin
[2026-04-04 12:05:49,532] INFO in app: Registered blueprint: dashboard_bp -> /dashboard
[2026-04-04 12:05:49,626] INFO in app: Registered blueprint: branches_bp -> /branches
[2026-04-04 12:31:58,616] INFO in app: OK Logging initialized.
[2026-04-04 12:31:58,671] INFO in app: OK Database tables ensured (Base.metadata.create_all).
[2026-04-04 12:31:58,674] INFO in app: Registered blueprint: auth_bp -> /auth
[2026-04-04 12:31:58,710] INFO in app: Registered blueprint: attendance_bp -> /attendance
[2026-04-04 12:31:58,790] INFO in app: Registered blueprint: admin_bp -> /admin
[2026-04-04 12:31:58,868] INFO in app: Registered blueprint: dashboard_bp -> /dashboard
[2026-04-04 12:31:58,955] INFO in app: Registered blueprint: branches_bp -> /branches
[2026-04-04 12:32:25,653] INFO in app: OK Logging initialized.
[2026-04-04 12:32:25,698] INFO in app: OK Database tables ensured (Base.metadata.create_all).
[2026-04-04 12:32:25,729] INFO in app: Registered blueprint: auth_bp -> /auth
[2026-04-04 12:32:25,813] INFO in app: Registered blueprint: attendance_bp -> /attendance
[2026-04-04 12:32:25,895] INFO in app: Registered blueprint: admin_bp -> /admin
[2026-04-04 12:32:25,976] INFO in app: Registered blueprint: dashboard_bp -> /dashboard
[2026-04-04 12:32:26,048] INFO in app: Registered blueprint: branches_bp -> /branches
[2026-04-04 12:33:10,943] INFO in app: OK Logging initialized.
[2026-04-04 12:33:11,016] INFO in app: OK Database tables ensured (Base.metadata.create_all).
[2026-04-04 12:33:11,039] INFO in app: Registered blueprint: auth_bp -> /auth
[2026-04-04 12:33:11,077] INFO in app: Registered blueprint: attendance_bp -> /attendance
[2026-04-04 12:33:11,161] INFO in app: Registered blueprint: admin_bp -> /admin
[2026-04-04 12:33:11,265] INFO in app: Registered blueprint: dashboard_bp -> /dashboard
[2026-04-04 12:33:11,363] INFO in app: Registered blueprint: branches_bp -> /branches
[2026-04-04 12:36:05,536] INFO in app: OK Logging initialized.
[2026-04-04 12:36:05,608] INFO in app: OK Database tables ensured (Base.metadata.create_all).
[2026-04-04 12:36:05,635] INFO in app: Registered blueprint: auth_bp -> /auth
[2026-04-04 12:36:05,718] INFO in app: Registered blueprint: attendance_bp -> /attendance
[2026-04-04 12:36:05,799] INFO in app: Registered blueprint: admin_bp -> /admin
[2026-04-04 12:36:05,868] INFO in app: Registered blueprint: dashboard_bp -> /dashboard
[2026-04-04 12:36:05,952] INFO in app: Registered blueprint: branches_bp -> /branches
[2026-04-04 12:36:10,500] INFO in app: OK Logging initialized.
[2026-04-04 12:36:10,602] INFO in app: OK Database tables ensured (Base.metadata.create_all).
[2026-04-04 12:36:10,647] INFO in app: Registered blueprint: auth_bp -> /auth
[2026-04-04 12:36:10,746] INFO in app: Registered blueprint: attendance_bp -> /attendance
[2026-04-04 12:36:10,814] INFO in app: Registered blueprint: admin_bp -> /admin
[2026-04-04 12:36:10,913] INFO in app: Registered blueprint: dashboard_bp -> /dashboard
[2026-04-04 12:36:10,998] INFO in app: Registered blueprint: branches_bp -> /branches
[2026-04-04 13:05:56,617] INFO in app: OK Logging initialized.
[2026-04-04 13:05:56,696] INFO in app: OK Database tables ensured (Base.metadata.create_all).
[2026-04-04 13:05:56,712] INFO in app: Registered blueprint: auth_bp -> /auth
[2026-04-04 13:05:56,765] INFO in app: Registered blueprint: attendance_bp -> /attendance
[2026-04-04 13:05:56,855] INFO in app: Registered blueprint: admin_bp -> /admin
[2026-04-04 13:05:56,930] INFO in app: Registered blueprint: dashboard_bp -> /dashboard
[2026-04-04 13:05:57,014] INFO in app: Registered blueprint: branches_bp -> /branches
[2026-04-04 13:06:28,855] INFO in app: OK Logging initialized.
[2026-04-04 13:06:28,922] INFO in app: OK Database tables ensured (Base.metadata.create_all).
[2026-04-04 13:06:28,970] INFO in app: Registered blueprint: auth_bp -> /auth
[2026-04-04 13:06:29,038] INFO in app: Registered blueprint: attendance_bp -> /attendance
[2026-04-04 13:06:29,138] INFO in app: Registered blueprint: admin_bp -> /admin
[2026-04-04 13:06:29,221] INFO in app: Registered blueprint: dashboard_bp -> /dashboard
[2026-04-04 13:06:29,287] INFO in app: Registered blueprint: branches_bp -> /branches
[2026-04-04 13:06:33,756] INFO in app: OK Logging initialized.
[2026-04-04 13:06:33,825] INFO in app: OK Database tables ensured (Base.metadata.create_all).
[2026-04-04 13:06:33,868] INFO in app: Registered blueprint: auth_bp -> /auth
[2026-04-04 13:06:33,967] INFO in app: Registered blueprint: attendance_bp -> /attendance
[2026-04-04 13:06:34,051] INFO in app: Registered blueprint: admin_bp -> /admin
[2026-04-04 13:06:34,134] INFO in app: Registered blueprint: dashboard_bp -> /dashboard
[2026-04-04 13:06:34,217] INFO in app: Registered blueprint: branches_bp -> /branches
[2026-04-04 13:46:16,146] INFO in app: OK Logging initialized.
[2026-04-04 13:46:16,293] INFO in app: OK Database tables ensured (Base.metadata.create_all).
[2026-04-04 13:46:16,325] INFO in app: Registered blueprint: auth_bp -> /auth
[2026-04-04 13:46:16,406] INFO in app: Registered blueprint: attendance_bp -> /attendance
[2026-04-04 13:46:16,478] INFO in app: Registered blueprint: admin_bp -> /admin
[2026-04-04 13:46:16,550] INFO in app: Registered blueprint: dashboard_bp -> /dashboard
[2026-04-04 13:46:16,645] INFO in app: Registered blueprint: branches_bp -> /branches
[2026-04-04 13:46:21,011] INFO in app: OK Logging initialized.
[2026-04-04 13:46:21,123] INFO in app: OK Database tables ensured (Base.metadata.create_all).
[2026-04-04 13:46:21,156] INFO in app: Registered blueprint: auth_bp -> /auth
[2026-04-04 13:46:21,241] INFO in app: Registered blueprint: attendance_bp -> /attendance
[2026-04-04 13:46:21,341] INFO in app: Registered blueprint: admin_bp -> /admin
[2026-04-04 13:46:21,424] INFO in app: Registered blueprint: dashboard_bp -> /dashboard
[2026-04-04 13:46:21,508] INFO in app: Registered blueprint: branches_bp -> /branches
[2026-04-04 16:19:44,710] INFO in app: OK Logging initialized.
[2026-04-04 16:19:44,774] INFO in app: OK Database tables ensured (Base.metadata.create_all).
[2026-04-04 16:19:44,784] INFO in app: Registered blueprint: auth_bp -> /auth
[2026-04-04 16:19:44,825] INFO in app: Registered blueprint: attendance_bp -> /attendance
[2026-04-04 16:19:44,833] INFO in app: Registered blueprint: admin_bp -> /admin
[2026-04-04 16:19:44,910] INFO in app: Registered blueprint: dashboard_bp -> /dashboard
[2026-04-04 16:19:44,986] INFO in app: Registered blueprint: branches_bp -> /branches
[2026-04-04 16:19:49,704] INFO in app: OK Logging initialized.
[2026-04-04 16:19:49,926] INFO in app: OK Database tables ensured (Base.metadata.create_all).
[2026-04-04 16:19:49,963] INFO in app: Registered blueprint: auth_bp -> /auth
[2026-04-04 16:19:50,050] INFO in app: Registered blueprint: attendance_bp -> /attendance
[2026-04-04 16:19:50,134] INFO in app: Registered blueprint: admin_bp -> /admin
[2026-04-04 16:19:50,209] INFO in app: Registered blueprint: dashboard_bp -> /dashboard
[2026-04-04 16:19:50,281] INFO in app: Registered blueprint: branches_bp -> /branches
[2026-04-06 06:22:04,551] INFO in app: OK Logging initialized.
[2026-04-06 06:22:04,743] INFO in app: OK Database tables ensured (Base.metadata.create_all).
[2026-04-06 06:22:04,790] INFO in app: Registered blueprint: auth_bp -> /auth
[2026-04-06 06:22:04,864] INFO in app: Registered blueprint: attendance_bp -> /attendance
[2026-04-06 06:22:04,936] INFO in app: Registered blueprint: admin_bp -> /admin
[2026-04-06 06:22:04,948] INFO in app: Registered blueprint: dashboard_bp -> /dashboard
[2026-04-06 06:22:04,970] INFO in app: Registered blueprint: branches_bp -> /branches
[2026-04-06 06:22:09,192] INFO in app: OK Logging initialized.
[2026-04-06 06:22:09,323] INFO in app: OK Database tables ensured (Base.metadata.create_all).
[2026-04-06 06:22:09,368] INFO in app: Registered blueprint: auth_bp -> /auth
[2026-04-06 06:22:09,446] INFO in app: Registered blueprint: attendance_bp -> /attendance
[2026-04-06 06:22:09,527] INFO in app: Registered blueprint: admin_bp -> /admin
[2026-04-06 06:22:09,598] INFO in app: Registered blueprint: dashboard_bp -> /dashboard
[2026-04-06 06:22:09,677] INFO in app: Registered blueprint: branches_bp -> /branches
[2026-04-06 06:32:47,722] INFO in app: OK Logging initialized.
[2026-04-06 06:32:47,845] INFO in app: OK Database tables ensured (Base.metadata.create_all).
[2026-04-06 06:32:47,889] INFO in app: Registered blueprint: auth_bp -> /auth
[2026-04-06 06:32:47,972] INFO in app: Registered blueprint: attendance_bp -> /attendance
[2026-04-06 06:32:48,054] INFO in app: Registered blueprint: admin_bp -> /admin
[2026-04-06 06:32:48,116] INFO in app: Registered blueprint: dashboard_bp -> /dashboard
[2026-04-06 06:32:48,204] INFO in app: Registered blueprint: branches_bp -> /branches
[2026-04-06 06:42:15,792] INFO in app: OK Logging initialized.
[2026-04-06 06:42:15,853] INFO in app: OK Database tables ensured (Base.metadata.create_all).
[2026-04-06 06:42:15,903] INFO in app: Registered blueprint: auth_bp -> /auth
[2026-04-06 06:42:15,970] INFO in app: Registered blueprint: attendance_bp -> /attendance
[2026-04-06 06:42:16,053] INFO in app: Registered blueprint: admin_bp -> /admin
[2026-04-06 06:42:16,136] INFO in app: Registered blueprint: dashboard_bp -> /dashboard
[2026-04-06 06:42:16,220] INFO in app: Registered blueprint: branches_bp -> /branches
[2026-04-06 06:42:20,873] INFO in app: OK Logging initialized.
[2026-04-06 06:42:20,932] INFO in app: OK Database tables ensured (Base.metadata.create_all).
[2026-04-06 06:42:20,949] INFO in app: Registered blueprint: auth_bp -> /auth
[2026-04-06 06:42:20,982] INFO in app: Registered blueprint: attendance_bp -> /attendance
[2026-04-06 06:42:21,068] INFO in app: Registered blueprint: admin_bp -> /admin
[2026-04-06 06:42:21,149] INFO in app: Registered blueprint: dashboard_bp -> /dashboard
[2026-04-06 06:42:21,232] INFO in app: Registered blueprint: branches_bp -> /branches
[2026-04-06 06:50:58,611] INFO in app: OK Logging initialized.
[2026-04-06 06:50:58,893] INFO in app: OK Database tables ensured (Base.metadata.create_all).
[2026-04-06 06:50:58,932] INFO in app: Registered blueprint: auth_bp -> /auth
[2026-04-06 06:50:59,011] INFO in app: Registered blueprint: attendance_bp -> /attendance
[2026-04-06 06:50:59,109] INFO in app: Registered blueprint: admin_bp -> /admin
[2026-04-06 06:50:59,190] INFO in app: Registered blueprint: dashboard_bp -> /dashboard
[2026-04-06 06:50:59,259] INFO in app: Registered blueprint: branches_bp -> /branches
[2026-04-06 06:51:03,869] INFO in app: OK Logging initialized.
[2026-04-06 06:51:04,332] INFO in app: OK Database tables ensured (Base.metadata.create_all).
[2026-04-06 06:51:04,396] INFO in app: Registered blueprint: auth_bp -> /auth
[2026-04-06 06:51:04,481] INFO in app: Registered blueprint: attendance_bp -> /attendance
[2026-04-06 06:51:04,556] INFO in app: Registered blueprint: admin_bp -> /admin
[2026-04-06 06:51:04,582] INFO in app: Registered blueprint: dashboard_bp -> /dashboard
[2026-04-06 06:51:04,603] INFO in app: Registered blueprint: branches_bp -> /branches
[2026-04-06 07:18:24,237] INFO in app: OK Logging initialized.
[2026-04-06 07:18:24,335] INFO in app: OK Database tables ensured (Base.metadata.create_all).
[2026-04-06 07:18:24,360] INFO in app: Registered blueprint: auth_bp -> /auth
[2026-04-06 07:18:24,407] INFO in app: Registered blueprint: attendance_bp -> /attendance
[2026-04-06 07:18:24,492] INFO in app: Registered blueprint: admin_bp -> /admin
[2026-04-06 07:18:24,571] INFO in app: Registered blueprint: dashboard_bp -> /dashboard
[2026-04-06 07:18:24,681] INFO in app: Registered blueprint: branches_bp -> /branches
[2026-04-06 07:18:39,817] INFO in app: OK Logging initialized.
[2026-04-06 07:18:39,915] INFO in app: OK Database tables ensured (Base.metadata.create_all).
[2026-04-06 07:18:39,922] INFO in app: Registered blueprint: auth_bp -> /auth
[2026-04-06 07:18:39,957] INFO in app: Registered blueprint: attendance_bp -> /attendance
[2026-04-06 07:18:40,044] INFO in app: Registered blueprint: admin_bp -> /admin
[2026-04-06 07:18:40,160] INFO in app: Registered blueprint: dashboard_bp -> /dashboard
[2026-04-06 07:18:40,294] INFO in app: Registered blueprint: branches_bp -> /branches
[2026-04-06 07:18:47,089] INFO in app: OK Logging initialized.
[2026-04-06 07:18:47,161] INFO in app: OK Database tables ensured (Base.metadata.create_all).
[2026-04-06 07:18:47,167] INFO in app: Registered blueprint: auth_bp -> /auth
[2026-04-06 07:18:47,198] INFO in app: Registered blueprint: attendance_bp -> /attendance
[2026-04-06 07:18:47,272] INFO in app: Registered blueprint: admin_bp -> /admin
[2026-04-06 07:18:47,341] INFO in app: Registered blueprint: dashboard_bp -> /dashboard
[2026-04-06 07:18:47,419] INFO in app: Registered blueprint: branches_bp -> /branches
[2026-04-06 07:19:11,478] INFO in app: OK Logging initialized.
[2026-04-06 07:19:11,642] INFO in app: OK Database tables ensured (Base.metadata.create_all).
[2026-04-06 07:19:11,685] INFO in app: Registered blueprint: auth_bp -> /auth
[2026-04-06 07:19:11,764] INFO in app: Registered blueprint: attendance_bp -> /attendance
[2026-04-06 07:19:11,835] INFO in app: Registered blueprint: admin_bp -> /admin
[2026-04-06 07:19:11,919] INFO in app: Registered blueprint: dashboard_bp -> /dashboard
[2026-04-06 07:19:12,000] INFO in app: Registered blueprint: branches_bp -> /branches
[2026-04-06 07:19:16,739] INFO in app: OK Logging initialized.
[2026-04-06 07:19:17,483] INFO in app: OK Database tables ensured (Base.metadata.create_all).
[2026-04-06 07:19:17,512] INFO in app: Registered blueprint: auth_bp -> /auth
[2026-04-06 07:19:17,523] INFO in app: Registered blueprint: attendance_bp -> /attendance
[2026-04-06 07:19:17,530] INFO in app: Registered blueprint: admin_bp -> /admin
[2026-04-06 07:19:17,537] INFO in app: Registered blueprint: dashboard_bp -> /dashboard
[2026-04-06 07:19:17,539] INFO in app: Registered blueprint: branches_bp -> /branches
[2026-04-06 07:26:01,865] INFO in app: OK Logging initialized.
[2026-04-06 07:26:02,001] INFO in app: OK Database tables ensured (Base.metadata.create_all).
[2026-04-06 07:26:02,003] INFO in app: Registered blueprint: auth_bp -> /auth
[2026-04-06 07:26:02,005] INFO in app: Registered blueprint: attendance_bp -> /attendance
[2026-04-06 07:26:02,008] INFO in app: Registered blueprint: admin_bp -> /admin
[2026-04-06 07:26:02,008] INFO in app: Registered blueprint: dashboard_bp -> /dashboard
[2026-04-06 07:26:02,010] INFO in app: Registered blueprint: branches_bp -> /branches
[2026-04-06 07:29:03,848] INFO in app: OK Logging initialized.
[2026-04-06 07:29:03,947] INFO in app: OK Database tables ensured (Base.metadata.create_all).
[2026-04-06 07:29:03,962] INFO in app: Registered blueprint: auth_bp -> /auth
[2026-04-06 07:29:03,962] INFO in app: Registered blueprint: attendance_bp -> /attendance
[2026-04-06 07:29:03,962] INFO in app: Registered blueprint: admin_bp -> /admin
[2026-04-06 07:29:03,962] INFO in app: Registered blueprint: dashboard_bp -> /dashboard
[2026-04-06 07:29:03,969] INFO in app: Registered blueprint: branches_bp -> /branches
[2026-04-06 07:29:09,259] INFO in app: OK Logging initialized.
[2026-04-06 07:29:09,324] INFO in app: OK Database tables ensured (Base.metadata.create_all).
[2026-04-06 07:29:09,324] INFO in app: Registered blueprint: auth_bp -> /auth
[2026-04-06 07:29:09,324] INFO in app: Registered blueprint: attendance_bp -> /attendance
[2026-04-06 07:29:09,324] INFO in app: Registered blueprint: admin_bp -> /admin
[2026-04-06 07:29:09,324] INFO in app: Registered blueprint: dashboard_bp -> /dashboard
[2026-04-06 07:29:09,333] INFO in app: Registered blueprint: branches_bp -> /branches
[2026-04-06 07:46:11,814] INFO in app: OK Logging initialized.
[2026-04-06 07:46:11,999] INFO in app: OK Database tables ensured (Base.metadata.create_all).
[2026-04-06 07:46:11,999] INFO in app: Registered blueprint: auth_bp -> /auth
[2026-04-06 07:46:11,999] INFO in app: Registered blueprint: attendance_bp -> /attendance
[2026-04-06 07:46:12,015] INFO in app: Registered blueprint: admin_bp -> /admin
[2026-04-06 07:46:12,016] INFO in app: Registered blueprint: dashboard_bp -> /dashboard
[2026-04-06 07:46:12,018] INFO in app: Registered blueprint: branches_bp -> /branches
[2026-04-06 07:46:17,315] INFO in app: OK Logging initialized.
[2026-04-06 07:46:17,376] INFO in app: OK Database tables ensured (Base.metadata.create_all).
[2026-04-06 07:46:17,376] INFO in app: Registered blueprint: auth_bp -> /auth
[2026-04-06 07:46:17,380] INFO in app: Registered blueprint: attendance_bp -> /attendance
[2026-04-06 07:46:17,380] INFO in app: Registered blueprint: admin_bp -> /admin
[2026-04-06 07:46:17,380] INFO in app: Registered blueprint: dashboard_bp -> /dashboard
[2026-04-06 07:46:17,388] INFO in app: Registered blueprint: branches_bp -> /branches
[2026-04-06 07:56:58,479] INFO in app: OK Logging initialized.
[2026-04-06 07:56:58,573] INFO in app: OK Database tables ensured (Base.metadata.create_all).
[2026-04-06 07:56:58,574] INFO in app: Registered blueprint: auth_bp -> /auth
[2026-04-06 07:56:58,575] INFO in app: Registered blueprint: attendance_bp -> /attendance
[2026-04-06 07:56:58,578] INFO in app: Registered blueprint: admin_bp -> /admin
[2026-04-06 07:56:58,578] INFO in app: Registered blueprint: dashboard_bp -> /dashboard
[2026-04-06 07:56:58,580] INFO in app: Registered blueprint: branches_bp -> /branches
[2026-04-06 07:57:03,999] INFO in app: OK Logging initialized.
[2026-04-06 07:57:04,055] INFO in app: OK Database tables ensured (Base.metadata.create_all).
[2026-04-06 07:57:04,057] INFO in app: Registered blueprint: auth_bp -> /auth
[2026-04-06 07:57:04,058] INFO in app: Registered blueprint: attendance_bp -> /attendance
[2026-04-06 07:57:04,060] INFO in app: Registered blueprint: admin_bp -> /admin
[2026-04-06 07:57:04,061] INFO in app: Registered blueprint: dashboard_bp -> /dashboard
[2026-04-06 07:57:04,063] INFO in app: Registered blueprint: branches_bp -> /branches
[2026-04-07 06:53:35,976] INFO in app: OK Logging initialized.
[2026-04-07 06:53:36,136] INFO in app: OK Database tables ensured (Base.metadata.create_all).
[2026-04-07 06:53:36,194] INFO in app: Registered blueprint: auth_bp -> /auth
[2026-04-07 06:53:36,298] INFO in app: Registered blueprint: attendance_bp -> /attendance
[2026-04-07 06:53:36,365] INFO in app: Registered blueprint: admin_bp -> /admin
[2026-04-07 06:53:36,432] INFO in app: Registered blueprint: dashboard_bp -> /dashboard
[2026-04-07 06:53:36,463] INFO in app: Registered blueprint: branches_bp -> /branches
[2026-04-07 06:53:41,477] INFO in app: OK Logging initialized.
[2026-04-07 06:53:41,719] INFO in app: OK Database tables ensured (Base.metadata.create_all).
[2026-04-07 06:53:41,766] INFO in app: Registered blueprint: auth_bp -> /auth
[2026-04-07 06:53:41,855] INFO in app: Registered blueprint: attendance_bp -> /attendance
[2026-04-07 06:53:41,966] INFO in app: Registered blueprint: admin_bp -> /admin
[2026-04-07 06:53:42,050] INFO in app: Registered blueprint: dashboard_bp -> /dashboard
[2026-04-07 06:53:42,110] INFO in app: Registered blueprint: branches_bp -> /branches
[2026-04-07 08:19:54,613] INFO in app: OK Logging initialized.
[2026-04-07 08:19:54,737] INFO in app: OK Database tables ensured (Base.metadata.create_all).
[2026-04-07 08:19:54,781] INFO in app: Registered blueprint: auth_bp -> /auth
[2026-04-07 08:19:54,866] INFO in app: Registered blueprint: attendance_bp -> /attendance
[2026-04-07 08:19:54,949] INFO in app: Registered blueprint: admin_bp -> /admin
[2026-04-07 08:19:55,033] INFO in app: Registered blueprint: dashboard_bp -> /dashboard
[2026-04-07 08:19:55,115] INFO in app: Registered blueprint: branches_bp -> /branches
[2026-04-07 08:19:59,613] INFO in app: OK Logging initialized.
[2026-04-07 08:19:59,687] INFO in app: OK Database tables ensured (Base.metadata.create_all).
[2026-04-07 08:19:59,689] INFO in app: Registered blueprint: auth_bp -> /auth
[2026-04-07 08:19:59,730] INFO in app: Registered blueprint: attendance_bp -> /attendance
[2026-04-07 08:19:59,813] INFO in app: Registered blueprint: admin_bp -> /admin
[2026-04-07 08:19:59,895] INFO in app: Registered blueprint: dashboard_bp -> /dashboard
[2026-04-07 08:19:59,978] INFO in app: Registered blueprint: branches_bp -> /branches
[2026-04-07 08:35:07,738] INFO in app: OK Logging initialized.
[2026-04-07 08:35:07,922] INFO in app: OK Database tables ensured (Base.metadata.create_all).
[2026-04-07 08:35:07,946] INFO in app: Registered blueprint: auth_bp -> /auth
[2026-04-07 08:35:07,946] INFO in app: Registered blueprint: attendance_bp -> /attendance
[2026-04-07 08:35:08,038] INFO in app: Registered blueprint: admin_bp -> /admin
[2026-04-07 08:35:08,131] INFO in app: Registered blueprint: dashboard_bp -> /dashboard
[2026-04-07 08:35:08,214] INFO in app: Registered blueprint: branches_bp -> /branches
[2026-04-07 08:35:13,134] INFO in app: OK Logging initialized.
[2026-04-07 08:35:13,192] INFO in app: OK Database tables ensured (Base.metadata.create_all).
[2026-04-07 08:35:13,239] INFO in app: Registered blueprint: auth_bp -> /auth
[2026-04-07 08:35:13,325] INFO in app: Registered blueprint: attendance_bp -> /attendance
[2026-04-07 08:35:13,402] INFO in app: Registered blueprint: admin_bp -> /admin
[2026-04-07 08:35:13,490] INFO in app: Registered blueprint: dashboard_bp -> /dashboard
[2026-04-07 08:35:13,558] INFO in app: Registered blueprint: branches_bp -> /branches
[2026-04-07 18:35:59,731] INFO in app: OK Logging initialized.
[2026-04-07 18:36:00,054] INFO in app: OK Database tables ensured (Base.metadata.create_all).
[2026-04-07 18:36:00,098] INFO in app: Registered blueprint: auth_bp -> /auth
[2026-04-07 18:36:00,124] INFO in app: Registered blueprint: attendance_bp -> /attendance
[2026-04-07 18:36:00,138] INFO in app: Registered blueprint: admin_bp -> /admin
[2026-04-07 18:36:00,205] INFO in app: Registered blueprint: dashboard_bp -> /dashboard
[2026-04-07 18:36:00,210] INFO in app: Registered blueprint: branches_bp -> /branches
[2026-04-07 18:36:04,585] INFO in app: OK Logging initialized.
[2026-04-07 18:36:04,668] INFO in app: OK Database tables ensured (Base.metadata.create_all).
[2026-04-07 18:36:04,697] INFO in app: Registered blueprint: auth_bp -> /auth
[2026-04-07 18:36:04,768] INFO in app: Registered blueprint: attendance_bp -> /attendance
[2026-04-07 18:36:04,851] INFO in app: Registered blueprint: admin_bp -> /admin
[2026-04-07 18:36:04,929] INFO in app: Registered blueprint: dashboard_bp -> /dashboard
[2026-04-07 18:36:05,000] INFO in app: Registered blueprint: branches_bp -> /branches
[2026-04-07 18:55:24,686] INFO in app: OK Logging initialized.
[2026-04-07 18:55:24,813] INFO in app: OK Database tables ensured (Base.metadata.create_all).
[2026-04-07 18:55:24,845] INFO in app: Registered blueprint: auth_bp -> /auth
[2026-04-07 18:55:24,931] INFO in app: Registered blueprint: attendance_bp -> /attendance
[2026-04-07 18:55:25,017] INFO in app: Registered blueprint: admin_bp -> /admin
[2026-04-07 18:55:25,106] INFO in app: Registered blueprint: dashboard_bp -> /dashboard
[2026-04-07 18:55:25,181] INFO in app: Registered blueprint: branches_bp -> /branches
[2026-04-07 18:55:29,980] INFO in app: OK Logging initialized.
[2026-04-07 18:55:30,061] INFO in app: OK Database tables ensured (Base.metadata.create_all).
[2026-04-07 18:55:30,097] INFO in app: Registered blueprint: auth_bp -> /auth
[2026-04-07 18:55:30,177] INFO in app: Registered blueprint: attendance_bp -> /attendance
[2026-04-07 18:55:30,243] INFO in app: Registered blueprint: admin_bp -> /admin
[2026-04-07 18:55:30,344] INFO in app: Registered blueprint: dashboard_bp -> /dashboard
[2026-04-07 18:55:30,426] INFO in app: Registered blueprint: branches_bp -> /branches
[2026-04-07 18:58:36,188] INFO in app: OK Logging initialized.
[2026-04-07 18:58:36,256] INFO in app: OK Database tables ensured (Base.metadata.create_all).
[2026-04-07 18:58:36,258] INFO in app: Registered blueprint: auth_bp -> /auth
[2026-04-07 18:58:36,297] INFO in app: Registered blueprint: attendance_bp -> /attendance
[2026-04-07 18:58:36,392] INFO in app: Registered blueprint: admin_bp -> /admin
[2026-04-07 18:58:36,490] INFO in app: Registered blueprint: dashboard_bp -> /dashboard
[2026-04-07 18:58:36,575] INFO in app: Registered blueprint: branches_bp -> /branches
[2026-04-07 19:01:04,075] INFO in app: OK Logging initialized.
[2026-04-07 19:01:04,233] INFO in app: OK Database tables ensured (Base.metadata.create_all).
[2026-04-07 19:01:04,280] INFO in app: Registered blueprint: auth_bp -> /auth
[2026-04-07 19:01:04,369] INFO in app: Registered blueprint: attendance_bp -> /attendance
[2026-04-07 19:01:04,485] INFO in app: Registered blueprint: admin_bp -> /admin
[2026-04-07 19:01:04,568] INFO in app: Registered blueprint: dashboard_bp -> /dashboard
[2026-04-07 19:01:04,652] INFO in app: Registered blueprint: branches_bp -> /branches
[2026-04-07 19:01:09,207] INFO in app: OK Logging initialized.
[2026-04-07 19:01:09,291] INFO in app: OK Database tables ensured (Base.metadata.create_all).
[2026-04-07 19:01:09,315] INFO in app: Registered blueprint: auth_bp -> /auth
[2026-04-07 19:01:09,399] INFO in app: Registered blueprint: attendance_bp -> /attendance
[2026-04-07 19:01:09,481] INFO in app: Registered blueprint: admin_bp -> /admin
[2026-04-07 19:01:09,583] INFO in app: Registered blueprint: dashboard_bp -> /dashboard
[2026-04-07 19:01:09,682] INFO in app: Registered blueprint: branches_bp -> /branches
[2026-04-07 20:41:06,106] INFO in app: OK Logging initialized.
[2026-04-07 20:41:06,255] INFO in app: OK Database tables ensured (Base.metadata.create_all).
[2026-04-07 20:41:06,257] INFO in app: Registered blueprint: auth_bp -> /auth
[2026-04-07 20:41:06,259] INFO in app: Registered blueprint: attendance_bp -> /attendance
[2026-04-07 20:41:06,263] INFO in app: Registered blueprint: admin_bp -> /admin
[2026-04-07 20:41:06,264] INFO in app: Registered blueprint: dashboard_bp -> /dashboard
[2026-04-07 20:41:06,266] INFO in app: Registered blueprint: branches_bp -> /branches
[2026-04-07 20:41:12,194] INFO in app: OK Logging initialized.
[2026-04-07 20:41:12,478] INFO in app: OK Database tables ensured (Base.metadata.create_all).
[2026-04-07 20:41:12,479] INFO in app: Registered blueprint: auth_bp -> /auth
[2026-04-07 20:41:12,481] INFO in app: Registered blueprint: attendance_bp -> /attendance
[2026-04-07 20:41:12,484] INFO in app: Registered blueprint: admin_bp -> /admin
[2026-04-07 20:41:12,485] INFO in app: Registered blueprint: dashboard_bp -> /dashboard
[2026-04-07 20:41:12,487] INFO in app: Registered blueprint: branches_bp -> /branches
[2026-04-08 09:47:03,883] INFO in app: OK Logging initialized.
[2026-04-08 09:47:04,071] INFO in app: OK Database tables ensured (Base.metadata.create_all).
[2026-04-08 09:47:04,071] INFO in app: Registered blueprint: auth_bp -> /auth
[2026-04-08 09:47:04,071] INFO in app: Registered blueprint: attendance_bp -> /attendance
[2026-04-08 09:47:04,071] INFO in app: Registered blueprint: admin_bp -> /admin
[2026-04-08 09:47:04,071] INFO in app: Registered blueprint: dashboard_bp -> /dashboard
[2026-04-08 09:47:04,084] INFO in app: Registered blueprint: branches_bp -> /branches
[2026-04-08 09:47:08,965] INFO in app: OK Logging initialized.
[2026-04-08 09:47:09,030] INFO in app: OK Database tables ensured (Base.metadata.create_all).
[2026-04-08 09:47:09,031] INFO in app: Registered blueprint: auth_bp -> /auth
[2026-04-08 09:47:09,033] INFO in app: Registered blueprint: attendance_bp -> /attendance
[2026-04-08 09:47:09,035] INFO in app: Registered blueprint: admin_bp -> /admin
[2026-04-08 09:47:09,036] INFO in app: Registered blueprint: dashboard_bp -> /dashboard
[2026-04-08 09:47:09,037] INFO in app: Registered blueprint: branches_bp -> /branches
[2026-04-08 09:48:28,760] INFO in app: OK Logging initialized.
[2026-04-08 09:48:28,832] INFO in app: OK Database tables ensured (Base.metadata.create_all).
[2026-04-08 09:48:28,834] INFO in app: Registered blueprint: auth_bp -> /auth
[2026-04-08 09:48:28,835] INFO in app: Registered blueprint: attendance_bp -> /attendance
[2026-04-08 09:48:28,838] INFO in app: Registered blueprint: admin_bp -> /admin
[2026-04-08 09:48:28,838] INFO in app: Registered blueprint: dashboard_bp -> /dashboard
[2026-04-08 09:48:28,840] INFO in app: Registered blueprint: branches_bp -> /branches
[2026-04-08 09:48:34,243] INFO in app: OK Logging initialized.
[2026-04-08 09:48:34,304] INFO in app: OK Database tables ensured (Base.metadata.create_all).
[2026-04-08 09:48:34,304] INFO in app: Registered blueprint: auth_bp -> /auth
[2026-04-08 09:48:34,304] INFO in app: Registered blueprint: attendance_bp -> /attendance
[2026-04-08 09:48:34,304] INFO in app: Registered blueprint: admin_bp -> /admin
[2026-04-08 09:48:34,304] INFO in app: Registered blueprint: dashboard_bp -> /dashboard
[2026-04-08 09:48:34,321] INFO in app: Registered blueprint: branches_bp -> /branches
[2026-04-08 09:55:56,762] INFO in app: OK Logging initialized.
[2026-04-08 09:55:56,808] INFO in app: OK Database tables ensured (Base.metadata.create_all).
[2026-04-08 09:55:56,852] INFO in app: Registered blueprint: auth_bp -> /auth
[2026-04-08 09:55:56,929] INFO in app: Registered blueprint: attendance_bp -> /attendance
[2026-04-08 09:55:57,008] INFO in app: Registered blueprint: admin_bp -> /admin
[2026-04-08 09:55:57,091] INFO in app: Registered blueprint: dashboard_bp -> /dashboard
[2026-04-08 09:55:57,175] INFO in app: Registered blueprint: branches_bp -> /branches
[2026-04-08 09:56:01,821] INFO in app: OK Logging initialized.
[2026-04-08 09:56:01,888] INFO in app: OK Database tables ensured (Base.metadata.create_all).
[2026-04-08 09:56:01,934] INFO in app: Registered blueprint: auth_bp -> /auth
[2026-04-08 09:56:02,038] INFO in app: Registered blueprint: attendance_bp -> /attendance
[2026-04-08 09:56:02,120] INFO in app: Registered blueprint: admin_bp -> /admin
[2026-04-08 09:56:02,216] INFO in app: Registered blueprint: dashboard_bp -> /dashboard
[2026-04-08 09:56:02,287] INFO in app: Registered blueprint: branches_bp -> /branches
[2026-04-08 16:28:58,537] INFO in app: OK Logging initialized.
[2026-04-08 16:28:58,762] INFO in app: OK Database tables ensured (Base.metadata.create_all).
[2026-04-08 16:28:58,809] INFO in app: Registered blueprint: auth_bp -> /auth
[2026-04-08 16:28:58,853] INFO in app: Registered blueprint: attendance_bp -> /attendance
[2026-04-08 16:28:58,885] INFO in app: Registered blueprint: admin_bp -> /admin
[2026-04-08 16:28:58,894] INFO in app: Registered blueprint: dashboard_bp -> /dashboard
[2026-04-08 16:28:58,898] INFO in app: Registered blueprint: branches_bp -> /branches
[2026-04-08 16:29:03,964] INFO in app: OK Logging initialized.
[2026-04-08 16:29:04,064] INFO in app: OK Database tables ensured (Base.metadata.create_all).
[2026-04-08 16:29:04,113] INFO in app: Registered blueprint: auth_bp -> /auth
[2026-04-08 16:29:04,214] INFO in app: Registered blueprint: attendance_bp -> /attendance
[2026-04-08 16:29:04,324] INFO in app: Registered blueprint: admin_bp -> /admin
[2026-04-08 16:29:04,426] INFO in app: Registered blueprint: dashboard_bp -> /dashboard
[2026-04-08 16:29:04,512] INFO in app: Registered blueprint: branches_bp -> /branches
[2026-04-08 17:15:33,079] INFO in app: OK Logging initialized.
[2026-04-08 17:15:33,183] INFO in app: OK Database tables ensured (Base.metadata.create_all).
[2026-04-08 17:15:33,229] INFO in app: Registered blueprint: auth_bp -> /auth
[2026-04-08 17:15:33,319] INFO in app: Registered blueprint: attendance_bp -> /attendance
[2026-04-08 17:15:33,417] INFO in app: Registered blueprint: admin_bp -> /admin
[2026-04-08 17:15:33,500] INFO in app: Registered blueprint: dashboard_bp -> /dashboard
[2026-04-08 17:15:33,583] INFO in app: Registered blueprint: branches_bp -> /branches
[2026-04-08 17:15:38,448] INFO in app: OK Logging initialized.
[2026-04-08 17:15:38,515] INFO in app: OK Database tables ensured (Base.metadata.create_all).
[2026-04-08 17:15:38,551] INFO in app: Registered blueprint: auth_bp -> /auth
[2026-04-08 17:15:38,630] INFO in app: Registered blueprint: attendance_bp -> /attendance
[2026-04-08 17:15:38,708] INFO in app: Registered blueprint: admin_bp -> /admin
[2026-04-08 17:15:38,779] INFO in app: Registered blueprint: dashboard_bp -> /dashboard
[2026-04-08 17:15:38,878] INFO in app: Registered blueprint: branches_bp -> /branches
[2026-04-08 17:20:40,020] INFO in app: OK Logging initialized.
[2026-04-08 17:20:40,135] INFO in app: OK Database tables ensured (Base.metadata.create_all).
[2026-04-08 17:20:40,164] INFO in app: Registered blueprint: auth_bp -> /auth
[2026-04-08 17:20:40,165] INFO in app: Registered blueprint: attendance_bp -> /attendance
[2026-04-08 17:20:40,244] INFO in app: Registered blueprint: admin_bp -> /admin
[2026-04-08 17:20:40,332] INFO in app: Registered blueprint: dashboard_bp -> /dashboard
[2026-04-08 17:20:40,403] INFO in app: Registered blueprint: branches_bp -> /branches
[2026-04-08 17:20:44,774] INFO in app: OK Logging initialized.
[2026-04-08 17:20:44,843] INFO in app: OK Database tables ensured (Base.metadata.create_all).
[2026-04-08 17:20:44,876] INFO in app: Registered blueprint: auth_bp -> /auth
[2026-04-08 17:20:44,960] INFO in app: Registered blueprint: attendance_bp -> /attendance
[2026-04-08 17:20:45,038] INFO in app: Registered blueprint: admin_bp -> /admin
[2026-04-08 17:20:45,109] INFO in app: Registered blueprint: dashboard_bp -> /dashboard
[2026-04-08 17:20:45,194] INFO in app: Registered blueprint: branches_bp -> /branches
[2026-04-08 17:26:03,701] INFO in app: OK Logging initialized.
[2026-04-08 17:26:03,790] INFO in app: OK Database tables ensured (Base.metadata.create_all).
[2026-04-08 17:26:03,830] INFO in app: Registered blueprint: auth_bp -> /auth
[2026-04-08 17:26:03,897] INFO in app: Registered blueprint: attendance_bp -> /attendance
[2026-04-08 17:26:04,000] INFO in app: Registered blueprint: admin_bp -> /admin
[2026-04-08 17:26:04,064] INFO in app: Registered blueprint: dashboard_bp -> /dashboard
[2026-04-08 17:26:04,145] INFO in app: Registered blueprint: branches_bp -> /branches
[2026-04-08 17:26:08,617] INFO in app: OK Logging initialized.
[2026-04-08 17:26:08,704] INFO in app: OK Database tables ensured (Base.metadata.create_all).
[2026-04-08 17:26:08,740] INFO in app: Registered blueprint: auth_bp -> /auth
[2026-04-08 17:26:08,826] INFO in app: Registered blueprint: attendance_bp -> /attendance
[2026-04-08 17:26:08,909] INFO in app: Registered blueprint: admin_bp -> /admin
[2026-04-08 17:26:08,988] INFO in app: Registered blueprint: dashboard_bp -> /dashboard
[2026-04-08 17:26:09,072] INFO in app: Registered blueprint: branches_bp -> /branches
[2026-04-09 15:58:51,773] INFO in app: OK Logging initialized.
[2026-04-09 15:58:51,954] INFO in app: OK Database tables ensured (Base.metadata.create_all).
[2026-04-09 15:58:52,000] INFO in app: Registered blueprint: auth_bp -> /auth
[2026-04-09 15:58:52,105] INFO in app: Registered blueprint: attendance_bp -> /attendance
[2026-04-09 15:58:52,195] INFO in app: Registered blueprint: admin_bp -> /admin
[2026-04-09 15:58:52,288] INFO in app: Registered blueprint: dashboard_bp -> /dashboard
[2026-04-09 15:58:52,341] INFO in app: Registered blueprint: branches_bp -> /branches
[2026-04-09 15:58:57,338] INFO in app: OK Logging initialized.
[2026-04-09 15:58:57,414] INFO in app: OK Database tables ensured (Base.metadata.create_all).
[2026-04-09 15:58:57,434] INFO in app: Registered blueprint: auth_bp -> /auth
[2026-04-09 15:58:57,451] INFO in app: Registered blueprint: attendance_bp -> /attendance
[2026-04-09 15:58:57,485] INFO in app: Registered blueprint: admin_bp -> /admin
[2026-04-09 15:58:57,585] INFO in app: Registered blueprint: dashboard_bp -> /dashboard
[2026-04-09 15:58:57,670] INFO in app: Registered blueprint: branches_bp -> /branches
[2026-04-09 17:50:51,977] INFO in app: OK Logging initialized.
[2026-04-09 17:50:52,104] INFO in app: OK Database tables ensured (Base.metadata.create_all).
[2026-04-09 17:50:52,140] INFO in app: Registered blueprint: auth_bp -> /auth
[2026-04-09 17:50:52,227] INFO in app: Registered blueprint: attendance_bp -> /attendance
[2026-04-09 17:50:52,330] INFO in app: Registered blueprint: admin_bp -> /admin
[2026-04-09 17:50:52,410] INFO in app: Registered blueprint: dashboard_bp -> /dashboard
[2026-04-09 17:50:52,495] INFO in app: Registered blueprint: branches_bp -> /branches
[2026-04-09 17:50:56,910] INFO in app: OK Logging initialized.
[2026-04-09 17:50:56,967] INFO in app: OK Database tables ensured (Base.metadata.create_all).
[2026-04-09 17:50:56,988] INFO in app: Registered blueprint: auth_bp -> /auth
[2026-04-09 17:50:57,038] INFO in app: Registered blueprint: attendance_bp -> /attendance
[2026-04-09 17:50:57,126] INFO in app: Registered blueprint: admin_bp -> /admin
[2026-04-09 17:50:57,189] INFO in app: Registered blueprint: dashboard_bp -> /dashboard
[2026-04-09 17:50:57,272] INFO in app: Registered blueprint: branches_bp -> /branches
[2026-04-10 14:49:27,701] INFO in app: OK Logging initialized.
[2026-04-10 14:49:27,883] INFO in app: OK Database tables ensured (Base.metadata.create_all).
[2026-04-10 14:49:27,916] INFO in app: Registered blueprint: auth_bp -> /auth
[2026-04-10 14:49:28,001] INFO in app: Registered blueprint: attendance_bp -> /attendance
[2026-04-10 14:49:28,088] INFO in app: Registered blueprint: admin_bp -> /admin
[2026-04-10 14:49:28,167] INFO in app: Registered blueprint: dashboard_bp -> /dashboard
[2026-04-10 14:49:28,269] INFO in app: Registered blueprint: branches_bp -> /branches
[2026-04-10 14:49:32,778] INFO in app: OK Logging initialized.
[2026-04-10 14:49:32,884] INFO in app: OK Database tables ensured (Base.metadata.create_all).
[2026-04-10 14:49:32,896] INFO in app: Registered blueprint: auth_bp -> /auth
[2026-04-10 14:49:32,946] INFO in app: Registered blueprint: attendance_bp -> /attendance
[2026-04-10 14:49:33,032] INFO in app: Registered blueprint: admin_bp -> /admin
[2026-04-10 14:49:33,112] INFO in app: Registered blueprint: dashboard_bp -> /dashboard
[2026-04-10 14:49:33,196] INFO in app: Registered blueprint: branches_bp -> /branches
[2026-04-12 15:53:24,329] INFO in app: OK Logging initialized.
[2026-04-12 15:53:24,503] INFO in app: OK Database tables ensured (Base.metadata.create_all).
[2026-04-12 15:53:24,534] INFO in app: Registered blueprint: auth_bp -> /auth
[2026-04-12 15:53:24,645] INFO in app: Registered blueprint: attendance_bp -> /attendance
[2026-04-12 15:53:24,755] INFO in app: Registered blueprint: admin_bp -> /admin
[2026-04-12 15:53:24,839] INFO in app: Registered blueprint: dashboard_bp -> /dashboard
[2026-04-12 15:53:24,925] INFO in app: Registered blueprint: branches_bp -> /branches
[2026-04-12 15:53:32,833] INFO in app: OK Logging initialized.
[2026-04-12 15:53:32,931] INFO in app: OK Database tables ensured (Base.metadata.create_all).
[2026-04-12 15:53:32,942] INFO in app: Registered blueprint: auth_bp -> /auth
[2026-04-12 15:53:32,983] INFO in app: Registered blueprint: attendance_bp -> /attendance
[2026-04-12 15:53:33,066] INFO in app: Registered blueprint: admin_bp -> /admin
[2026-04-12 15:53:33,163] INFO in app: Registered blueprint: dashboard_bp -> /dashboard
[2026-04-12 15:53:33,275] INFO in app: Registered blueprint: branches_bp -> /branches
[2026-05-05 10:30:45,559] INFO in app: OK Logging initialized.
[2026-05-05 10:30:45,995] INFO in app: OK Database tables ensured (Base.metadata.create_all).
[2026-05-05 10:30:46,066] INFO in app: Registered blueprint: auth_bp -> /auth
[2026-05-05 10:30:46,148] INFO in app: Registered blueprint: attendance_bp -> /attendance
[2026-05-05 10:30:46,228] INFO in app: Registered blueprint: admin_bp -> /admin
[2026-05-05 10:30:46,258] INFO in app: Registered blueprint: dashboard_bp -> /dashboard
[2026-05-05 10:30:46,278] INFO in app: Registered blueprint: branches_bp -> /branches
[2026-05-05 10:30:54,642] INFO in app: OK Logging initialized.
[2026-05-05 10:30:54,943] INFO in app: OK Database tables ensured (Base.metadata.create_all).
[2026-05-05 10:30:54,995] INFO in app: Registered blueprint: auth_bp -> /auth
[2026-05-05 10:30:55,070] INFO in app: Registered blueprint: attendance_bp -> /attendance
[2026-05-05 10:30:55,170] INFO in app: Registered blueprint: admin_bp -> /admin
[2026-05-05 10:30:55,270] INFO in app: Registered blueprint: dashboard_bp -> /dashboard
[2026-05-05 10:30:55,320] INFO in app: Registered blueprint: branches_bp -> /branches
